customer_id,name,address,phone_number,email
cust0001,Sir Anthony Absolute,1234 N. Aspen Rd,206-001-1520,SirAnthonyAbsolute@email.com
cust0002,Nick Adams ,5678 S. Cedar Blvd,253-001-3902,NickAdams@email.com
cust0003,Parson Adams ,9123 E. Aspen Way,253-001-2592,ParsonAdams@email.com
cust0004,Frankie Addams ,1323 W. Douglas Rd,253-001-2872,FrankieAddams@email.com
cust0005,Anthony Adverse ,1717 N. Fir St,509-001-1823,AnthonyAdverse@email.com
cust0006,Captain Ahab ,2112 S. Mahogany St,206-001-3251,CaptainAhab@email.com
cust0007,Albertine  Smith,2506 E. Birch Blvd,425-001-3725,AlbertineSmith@email.com
cust0008,Alceste  Smith,2901 W. Birch Blvd,253-001-2940,Alceste Smith@email.com
cust0009,Algernon  Smith,3295 N. Douglas St,425-001-5772,AlgernonSmith@email.com
cust0010,Ali Baba ,3690 S. Pine Ave,509-001-5662,AliBaba@email.com
cust0011,Squire Allworthy ,4084 E. Hickory Way,360-001-1993,SquireAllworthy@email.com
cust0012,Count Almaviva ,4479 W. Elm Blvd,206-001-3840,CountAlmaviva@email.com
cust0013,The Alvings ,4873 N. Ash Way,425-001-4984,TheAlvings@email.com
cust0014,Amaryllis  Smith,5267 S. Ash Rd,360-001-1228,AmaryllisSmith@email.com
cust0015,Ananse  Smith,5662 E. Mahogany Way,253-001-1614,AnanseSmith@email.com
cust0016,Pamela Andrews ,6056 W. Spruce St,509-001-3803,PamelaAndrews@email.com
cust0017,Angelica  Smith,6451 N. Maple Ave,509-001-5536,AngelicaSmith@email.com
cust0018,Harry Angstrom ,6845 S. Hickory Ave,253-001-2620,HarryAngstrom@email.com
cust0019,Mr. and Mrs. Antrobus ,7240 E. Maple Way,253-001-2529,MrandMrsAntrobus@email.com
cust0020,Aramis  Smith,7634 W. Oak Blvd,360-001-2687,AramisSmith@email.com
cust0021,Isabel Archer ,8029 N. Cedar St,206-001-2450,IsabelArcher@email.com
cust0022,Enoch Arden ,8423 S. Cedar Ave,360-001-8817,EnochArden@email.com
cust0023,The Artful Dodger ,8817 E. Douglas Ave,206-001-3058,TheArtfulDodger@email.com
cust0024,Gustave von Aschenbach ,9212 W. Douglas St,360-001-5851,GustavevonAschenbach@email.com
cust0025,Lady Brett Ashley ,9606 N. Birch Ave,425-001-1176,LadyBrettAshley@email.com
cust0026,Athos  Smith,1000 S. Douglas Way,509-001-1409,AthosSmith@email.com
cust0027,Ayesha  Smith,1039 E. Hickory Blvd,253-001-2020,AyeshaSmith@email.com
cust0028,Dr. Aziz ,1079 W. Pine Rd,509-001-4479,DrAziz@email.com
cust0029,Baba-Yaga  Smith,1118 N. Pine Blvd,425-001-1326,BabaYagaSmith@email.com
cust0030,Babar  Smith,1157 S. Oak Ave,360-001-1906,BabarSmith@email.com
cust0031,Bilbo Baggins ,1197 E. Douglas Blvd,253-001-3551,BilboBaggins@email.com
cust0032,Frodo Baggins ,1236 W. Douglas Rd,509-001-2407,FrodoBaggins@email.com
cust0033,Harry Bailly ,1276 N. Pine Blvd,425-001-1433,HarryBailly@email.com
cust0034,David Balfour ,1315 S. Cedar Ave,206-001-1851,DavidBalfour@email.com
cust0035,Mr. Barkis ,1355 E. Maple St,360-001-2320,MrBarkis@email.com
cust0036,Jake Barnes ,1394 W. Ash Rd,206-001-1993,JakeBarnes@email.com
cust0037,Lily Bart ,1434 N. Aspen Ave,425-001-4984,LilyBart@email.com
cust0038,Yevgeny Bazarov ,1473 S. Elm St,253-001-6451,YevgenyBazarov@email.com
cust0039,Adam Bede ,1512 E. Mahogany Blvd,206-001-4510,AdamBede@email.com
cust0040,Belial  Smith,1552 W. Ash Blvd,360-001-1697,BelialSmith@email.com
cust0041,Bennet family ,1591 N. Mahogany St,360-001-2794,Bennetfamily@email.com
cust0042,Bertram family ,1631 S. Hickory Rd,360-001-2545,Bertramfamily@email.com
cust0043,Pierre Bezukhov ,1670 E. Birch St,509-001-7666,PierreBezukhov@email.com
cust0044,Big Brother ,1710 W. Mahogany Blvd,509-001-3879,BigBrother@email.com
cust0045,Big Daddy ,1749 N. Maple Ave,253-001-3508,BigDaddy@email.com
cust0046,Rupert Birkin ,1789 S. Pine Way,425-001-3129,RupertBirkin@email.com
cust0047,Anthony Blanche ,1828 E. Hickory St,253-001-4629,AnthonyBlanche@email.com
cust0048,Leopold Bloom ,1867 W. Oak Ave,360-001-1192,LeopoldBloom@email.com
cust0049,Molly Bloom ,1907 N. Pine Rd,509-001-2861,MollyBloom@email.com
cust0050,Bluebeard  Smith,1946 S. Aspen Ave,509-001-1650,BluebeardSmith@email.com
cust0051,Bobbsey Twins ,1986 E. Spruce Blvd,509-001-2865,BobbseyTwins@email.com
cust0052,William Boldwood ,2025 W. Mahogany Rd,253-001-3480,WilliamBoldwood@email.com
cust0053,Bolkonsky family ,2065 N. Maple Ave,360-001-1559,Bolkonskyfamily@email.com
cust0054,James Bond ,2104 S. Oak Way,253-001-1815,JamesBond@email.com
cust0055,Boojum  Smith,2144 E. Aspen St,206-001-1969,BoojumSmith@email.com
cust0056,The Borrowers ,2183 W. Hickory Ave,509-001-3500,TheBorrowers@email.com
cust0057,Josiah Bounderby ,2222 N. Ash Ave,253-001-2790,JosiahBounderby@email.com
cust0058,Emma Bovary ,2262 S. Spruce Rd,206-001-1843,EmmaBovary@email.com
cust0059,Sally Bowles ,2301 E. Spruce Ave,509-001-1946,SallyBowles@email.com
cust0060,Lady Augusta Bracknell ,2341 W. Maple Way,253-001-3113,LadyAugustaBracknell@email.com
cust0061,Bradamante  Smith,2380 N. Elm Ave,425-001-3870,BradamanteSmith@email.com
cust0062,Matthew Bramble ,2420 S. Birch Ave,509-001-3788,MatthewBramble@email.com
cust0063,Colonel Brandon ,2459 E. Fir Way,425-001-3362,ColonelBrandon@email.com
cust0064,Dave Brandstetter ,2499 W. Aspen St,206-001-3938,DaveBrandstetter@email.com
cust0065,Gudrun Brangwen ,2538 N. Hickory Way,509-001-1129,GudrunBrangwen@email.com
cust0066,Ursula Brangwen ,2577 S. Maple St,253-001-3492,UrsulaBrangwen@email.com
cust0067,Brer Rabbit ,2617 E. Douglas Rd,360-001-1480,BrerRabbit@email.com
cust0068,Brighella  Smith,2656 W. Ash Ave,509-001-3117,BrighellaSmith@email.com
cust0069,Hans Brinker ,2696 N. Cedar Ave,360-001-9914,HansBrinker@email.com
cust0070,Lily Briscoe ,2735 S. Ash Way,360-001-6877,LilyBriscoe@email.com
cust0071,Dorothea Brooke ,2775 E. Maple Way,206-001-1259,DorotheaBrooke@email.com
cust0072,Father Brown ,2814 W. Cedar Ave,360-001-6956,FatherBrown@email.com
cust0073,Bruin  Smith,2854 N. Ash St,253-001-2888,BruinSmith@email.com
cust0074,Tom and Daisy Buchanan ,2893 S. Ash Blvd,425-001-1772,TomandDaisyBuchanan@email.com
cust0075,Inspector Bucket ,2932 E. Oak Blvd,509-001-8691,InspectorBucket@email.com
cust0076,Buendía family ,2972 W. Oak Ave,509-001-3492,Buendíafamily@email.com
cust0077,Mr. Bumble ,3011 N. Fir Rd,206-001-5181,MrBumble@email.com
cust0078,Natty Bumppo ,3051 S. Elm Way,425-001-3224,NattyBumppo@email.com
cust0079,Bunter  Smith,3090 E. Ash Way,206-001-3130,BunterSmith@email.com
cust0080,Billy Bunter ,3130 W. Ash Blvd,206-001-2040,BillyBunter@email.com
cust0081,Rhett Butler ,3169 N. Spruce Ave,425-001-2186,RhettButler@email.com
cust0082,Camille  Smith,3209 S. Spruce Ave,206-001-3090,CamilleSmith@email.com
cust0083,Don Camillo ,3248 E. Pine Way,360-001-3125,DonCamillo@email.com
cust0084,Albert Campion ,3287 W. Elm Ave,425-001-1654,AlbertCampion@email.com
cust0085,Capitano  Smith,3327 N. Birch Way,253-001-1729,CapitanoSmith@email.com
cust0086,Philip Carey ,3366 S. Ash Way,253-001-1066,PhilipCarey@email.com
cust0087,Nick Carraway ,3406 E. Douglas Way,425-001-5575,NickCarraway@email.com
cust0088,Richard Carstone ,3445 W. Elm Ave,253-001-6561,RichardCarstone@email.com
cust0089,Nick Carter ,3485 N. Fir Ave,509-001-3614,NickCarter@email.com
cust0090,Sydney Carton ,3524 S. Cedar Blvd,425-001-2876,SydneyCarton@email.com
cust0091,Edward Casaubon ,3564 E. Mahogany St,509-001-5970,EdwardCasaubon@email.com
cust0092,Hans Castorp ,3603 W. Pine Way,253-001-1804,HansCastorp@email.com
cust0093,Cathbad  Smith,3642 N. Douglas Blvd,509-001-2194,CathbadSmith@email.com
cust0094,Holden Caulfield ,3682 S. Douglas Ave,206-001-2696,HoldenCaulfield@email.com
cust0095,Olive Chancellor ,3721 E. Douglas Rd,509-001-1197,OliveChancellor@email.com
cust0096,Cheshire Cat ,3761 W. Fir Blvd,425-001-1535,CheshireCat@email.com
cust0097,Roger Chillingworth ,3800 N. Hickory Rd,425-001-3721,RogerChillingworth@email.com
cust0098,Chingachgook  Smith,3840 S. Oak St,360-001-1638,ChingachgookSmith@email.com
cust0099,Mr. Chips ,3879 E. Pine Way,425-001-1843,MrChips@email.com
cust0100,Anna Christie ,3919 W. Hickory Rd,360-001-3291,AnnaChristie@email.com
cust0101,Martin Chuzzlewit ,3958 N. Cedar Ave,253-001-6916,MartinChuzzlewit@email.com
cust0102,John Claggart ,3997 S. Pine St,206-001-1137,JohnClaggart@email.com
cust0103,Angel Clare ,4037 E. Hickory Rd,509-001-3358,AngelClare@email.com
cust0104,Claudine  Smith,4076 W. Birch St,509-001-1673,ClaudineSmith@email.com
cust0105,Arthur Clennam ,4116 N. Cedar St,206-001-3287,ArthurClennam@email.com
cust0106,Humphry Clinker ,4155 S. Aspen Blvd,253-001-1614,HumphryClinker@email.com
cust0107,Columbine  Smith,4195 E. Cedar Rd,253-001-1697,ColumbineSmith@email.com
cust0108,Conan the Barbarian ,4234 W. Spruce Rd,206-001-3997,ConantheBarbarian@email.com
cust0109,Conlaí  Smith,4274 N. Oak Rd,206-001-2506,ConlaíSmith@email.com
cust0110,David Copperfield ,4313 S. Aspen St,360-001-2226,DavidCopperfield@email.com
cust0111,Richard Cory ,4352 E. Mahogany Blvd,509-001-2091,RichardCory@email.com
cust0112,Corydon  Smith,4392 W. Pine Ave,509-001-1721,CorydonSmith@email.com
cust0113,Mother Courage ,4431 N. Elm Ave,206-001-1701,MotherCourage@email.com
cust0114,Ichabod Crane ,4471 S. Aspen Blvd,425-001-8968,IchabodCrane@email.com
cust0115,Cratchit family ,4510 E. Ash St,253-001-2261,Cratchitfamily@email.com
cust0116,Janie Crawford ,4550 W. Elm Blvd,360-001-1074,JanieCrawford@email.com
cust0117,Gerald Crich ,4589 N. Birch Blvd,206-001-3748,GeraldCrich@email.com
cust0118,Guy Crouchback ,4629 S. Birch Way,509-001-2837,GuyCrouchback@email.com
cust0119,Robinson Crusoe ,4668 E. Mahogany St,360-001-3894,RobinsonCrusoe@email.com
cust0120,Cú Chulainn ,4707 W. Mahogany Way,206-001-2245,CúChulainn@email.com
cust0121,Sergeant Cuff ,4747 N. Elm Rd,206-001-2420,SergeantCuff@email.com
cust0122,Cunégonde  Smith,4786 S. Hickory Blvd,425-001-3231,CunégondeSmith@email.com
cust0123,D’Artagnan  Smith,4826 E. Douglas Blvd,425-001-2959,D’ArtagnanSmith@email.com
cust0124,Edmond Dantès ,4865 W. Mahogany St,206-001-3279,EdmondDantès@email.com
cust0125,Fitzwilliam Darcy ,4905 N. Douglas Ave,206-001-2328,FitzwilliamDarcy@email.com
cust0126,Charles Darnay ,4944 S. Elm St,253-001-2435,CharlesDarnay@email.com
cust0127,Dashwood family ,4984 E. Birch Blvd,206-001-9678,Dashwoodfamily@email.com
cust0128,Stephen Dedalus ,5023 W. Fir St,509-001-1986,StephenDedalus@email.com
cust0129,Lady Honoria Dedlock ,5062 N. Hickory St,509-001-1421,LadyHonoriaDedlock@email.com
cust0130,Madame Defarge ,5102 S. Spruce Rd,360-001-6522,MadameDefarge@email.com
cust0131,Deirdre  Smith,5141 E. Aspen Way,206-001-1342,DeirdreSmith@email.com
cust0132,Jean Des Esseintes ,5181 W. Ash Way,206-001-6561,JeanDesEsseintes@email.com
cust0133,Mr. Dick ,5220 N. Maple Blvd,206-001-3373,MrDick@email.com
cust0134,Digenis Akritas ,5260 S. Cedar Rd,206-001-1208,DigenisAkritas@email.com
cust0135,Arthur Dimmesdale ,5299 E. Hickory St,360-001-3105,ArthurDimmesdale@email.com
cust0136,Dick and Nicole Diver ,5339 W. Mahogany St,360-001-2975,DickandNicoleDiver@email.com
cust0137,Don Quixote ,5378 N. Ash Ave,253-001-2762,DonQuixote@email.com
cust0138,Eliza Doolittle ,5417 S. Fir Ave,360-001-6995,ElizaDoolittle@email.com
cust0139,Lorna Doone ,5457 E. Oak Rd,360-001-2103,LornaDoone@email.com
cust0140,Dorothy  Smith,5496 W. Aspen St,509-001-1918,DorothySmith@email.com
cust0141,Dottore  Smith,5536 N. Maple Blvd,360-001-1527,DottoreSmith@email.com
cust0142,Nancy Drew ,5575 S. Aspen Blvd,360-001-2490,NancyDrew@email.com
cust0143,Edwin Drood ,5615 E. Oak St,425-001-1283,EdwinDrood@email.com
cust0144,Bulldog Drummond ,5654 W. Fir Rd,206-001-3500,BulldogDrummond@email.com
cust0145,Blanche DuBois ,5694 N. Cedar St,425-001-9362,BlancheDuBois@email.com
cust0146,The Duchess ,5733 S. Mahogany Ave,206-001-1606,TheDuchess@email.com
cust0147,The Duke and the Dauphin ,5772 E. Pine Blvd,425-001-3085,TheDukeandtheDauphin@email.com
cust0148,Dulcinea  Smith,5812 W. Birch Ave,253-001-1082,DulcineaSmith@email.com
cust0149,C. Auguste Dupin ,5851 N. Oak Ave,206-001-2036,CAugusteDupin@email.com
cust0150,Humphrey Chimpden Earwicker ,5891 S. Oak Rd,206-001-2304,HumphreyChimpdenEarwicker@email.com
cust0151,Eeyore  Smith,5930 E. Mahogany Ave,253-001-2533,EeyoreSmith@email.com
cust0152,Elliot family ,5970 W. Birch Blvd,509-001-2506,Elliotfamily@email.com
cust0153,Lord Emsworth ,6009 N. Douglas Ave,509-001-1622,LordEmsworth@email.com
cust0154,Enmerkar  Smith,6049 S. Birch Rd,425-001-6640,EnmerkarSmith@email.com
cust0155,Henry Esmond ,6088 E. Birch Way,360-001-1969,HenryEsmond@email.com
cust0156,Till Eulenspiegel ,6127 W. Oak Ave,253-001-1942,TillEulenspiegel@email.com
cust0157,Bathsheba Everdene ,6167 N. Aspen Ave,206-001-2529,BathshebaEverdene@email.com
cust0158,Fagin  Smith,6206 S. Mahogany Blvd,425-001-2285,FaginSmith@email.com
cust0159,Lord Fauntleroy ,6246 E. Birch Blvd,253-001-3564,LordFauntleroy@email.com
cust0160,Jude Fawley ,6285 W. Birch Blvd,360-001-3216,JudeFawley@email.com
cust0161,Richard Feverel ,6325 N. Mahogany Way,206-001-9678,RichardFeverel@email.com
cust0162,Fezziwig  Smith,6364 S. Spruce Rd,509-001-1986,FezziwigSmith@email.com
cust0163,Flora Finching ,6404 E. Mahogany Ave,425-001-2987,FloraFinching@email.com
cust0164,Finn  Smith,6443 W. Maple Rd,253-001-3389,FinnSmith@email.com
cust0165,Huckleberry Finn ,6482 N. Mahogany Blvd,425-001-2395,HuckleberryFinn@email.com
cust0166,Jeremiah Flintwinch ,6522 S. Hickory St,253-001-3105,JeremiahFlintwinch@email.com
cust0167,Phileas Fogg ,6561 E. Ash St,206-001-2608,PhileasFogg@email.com
cust0168,Forsyte family ,6601 W. Elm Way,425-001-1397,Forsytefamily@email.com
cust0169,Count Fosco ,6640 N. Cedar Rd,509-001-1823,CountFosco@email.com
cust0170,Frankenstein  Smith,6680 S. Elm St,206-001-2273,FrankensteinSmith@email.com
cust0171,Ethan Frome ,6719 E. Hickory St,253-001-2604,EthanFrome@email.com
cust0172,Fu Manchu ,6759 W. Cedar Rd,425-001-3772,FuManchu@email.com
cust0173,Hedda Gabler ,6798 N. Spruce Blvd,509-001-1669,HeddaGabler@email.com
cust0174,Sairey Gamp ,6837 S. Ash Blvd,360-001-1180,SaireyGamp@email.com
cust0175,Gandalf  Smith,6877 E. Mahogany Ave,253-001-3602,GandalfSmith@email.com
cust0176,Eugene Gant ,6916 W. Pine Rd,206-001-1015,EugeneGant@email.com
cust0177,Joe Gargery ,6956 N. Mahogany Ave,509-001-3164,JoeGargery@email.com
cust0178,Jay Gatsby ,6995 S. Mahogany Rd,360-001-5891,JayGatsby@email.com
cust0179,Gellert  Smith,7035 E. Douglas Way,360-001-2920,GellertSmith@email.com
cust0180,Beau Geste ,7074 W. Douglas Blvd,509-001-3725,BeauGeste@email.com
cust0181,Gilgamesh  Smith,7114 N. Maple Blvd,509-001-6127,GilgameshSmith@email.com
cust0182,Glass family ,7153 S. Spruce Way,425-001-1721,Glassfamily@email.com
cust0183,Boris Godunov ,7192 E. Cedar St,253-001-2734,BorisGodunov@email.com
cust0184,Golias  Smith,7232 W. Maple Ave,253-001-6482,GoliasSmith@email.com
cust0185,Gollum  Smith,7271 N. Mahogany Blvd,206-001-3472,GollumSmith@email.com
cust0186,Père Goriot ,7311 S. Cedar Rd,206-001-2987,PèreGoriot@email.com
cust0187,Gradgrind  Smith,7350 E. Fir Rd,206-001-1665,GradgrindSmith@email.com
cust0188,Eugénie Grandet ,7390 W. Oak Blvd,509-001-2005,EugénieGrandet@email.com
cust0189,Emmeline Grangerford ,7429 N. Douglas Rd,360-001-2478,EmmelineGrangerford@email.com
cust0190,Dorian Gray ,7469 S. Mahogany Ave,509-001-7903,DorianGray@email.com
cust0191,Grendel  Smith,7508 E. Mahogany Ave,360-001-2652,GrendelSmith@email.com
cust0192,Clyde Griffiths ,7548 W. Cedar Rd,253-001-3295,ClydeGriffiths@email.com
cust0193,Grisette  Smith,7587 N. Cedar Blvd,425-001-3827,GrisetteSmith@email.com
cust0194,Titus Groan ,7626 S. Aspen Rd,253-001-1579,TitusGroan@email.com
cust0195,Mrs. Grundy ,7666 E. Birch St,425-001-2056,MrsGrundy@email.com
cust0196,Guermantes family ,7705 W. Elm Ave,509-001-3807,Guermantesfamily@email.com
cust0197,Martin Guerre ,7745 N. Fir Way,425-001-1480,MartinGuerre@email.com
cust0198,Guildenstern  Smith,7784 S. Maple Way,206-001-8376,GuildensternSmith@email.com
cust0199,Prince Hal ,7824 E. Ash St,509-001-1492,PrinceHal@email.com
cust0200,Mike Hammer ,7863 W. Douglas Way,360-001-3811,MikeHammer@email.com
cust0201,Hardy Boys ,7903 N. Hickory Way,253-001-2226,HardyBoys@email.com
cust0202,Jonathan Harker ,7942 S. Spruce Blvd,253-001-3721,JonathanHarker@email.com
cust0203,Harlequin  Smith,7981 E. Douglas Rd,425-001-1429,HarlequinSmith@email.com
cust0204,Clarissa Harlowe ,8021 W. Maple St,253-001-6049,ClarissaHarlowe@email.com
cust0205,Miss Havisham ,8060 N. Spruce Blvd,253-001-1729,MissHavisham@email.com
cust0206,Jim Hawkins ,8100 S. Cedar Ave,253-001-1259,JimHawkins@email.com
cust0207,Asa and Sabbath Lily Hawks ,8139 E. Elm Ave,206-001-1701,AsaandSabbathLilyHawks@email.com
cust0208,Headless horseman ,8179 W. Elm Way,425-001-4084,Headlesshorseman@email.com
cust0209,Heathcliff  Smith,8218 N. Ash Rd,425-001-7508,HeathcliffSmith@email.com
cust0210,Uriah Heep ,8258 S. Douglas Rd,206-001-3271,UriahHeep@email.com
cust0211,Matt Helm ,8297 E. Maple Rd,509-001-1749,MattHelm@email.com
cust0212,Nora Helmer ,8336 W. Elm Ave,509-001-1216,NoraHelmer@email.com
cust0213,Michael Henchard ,8376 N. Douglas Blvd,253-001-3235,MichaelHenchard@email.com
cust0214,Herne the Hunter ,8415 S. Oak Ave,509-001-3141,HernetheHunter@email.com
cust0215,Henry Higgins ,8455 E. Birch Ave,360-001-8139,HenryHiggins@email.com
cust0216,Fanny Hill ,8494 W. Douglas Way,509-001-2170,FannyHill@email.com
cust0217,Roy Hobbs ,8534 N. Mahogany Rd,509-001-4747,RoyHobbs@email.com
cust0218,Sherlock Holmes ,8573 S. Fir Way,425-001-9401,SherlockHolmes@email.com
cust0219,Horatio Hornblower ,8613 E. Ash Rd,206-001-2435,HoratioHornblower@email.com
cust0220,Roderick Hudson ,8652 W. Pine Blvd,253-001-9244,RoderickHudson@email.com
cust0221,Humbert Humbert ,8691 N. Ash Ave,425-001-3145,HumbertHumbert@email.com
cust0222,Humpty Dumpty ,8731 S. Maple Rd,509-001-3941,HumptyDumpty@email.com
cust0223,Mr. Hyde ,8770 E. Hickory St,425-001-2443,MrHyde@email.com
cust0224,Iago  Smith,8810 W. Elm Ave,253-001-1362,IagoSmith@email.com
cust0225,Ilya of Murom ,8849 N. Birch Way,206-001-1097,IlyaofMurom@email.com
cust0226,Infant Phenomenon ,8889 S. Maple Way,425-001-2963,InfantPhenomenon@email.com
cust0227,Isolde  Smith,8928 E. Hickory Ave,509-001-1748,IsoldeSmith@email.com
cust0228,Jabberwock  Smith,8968 W. Mahogany Blvd,425-001-3393,JabberwockSmith@email.com
cust0229,Mr. Jaggers ,9007 N. Maple Way,253-001-3551,MrJaggers@email.com
cust0230,Jarndyce family ,9046 S. Fir Blvd,425-001-1681,Jarndycefamily@email.com
cust0231,Dr. Jekyll ,9086 E. Cedar Blvd,206-001-2967,DrJekyll@email.com
cust0232,Mrs. Jellyby ,9125 W. Mahogany Blvd,253-001-3910,MrsJellyby@email.com
cust0233,Jim  Smith,9165 N. Cedar Way,360-001-3559,JimSmith@email.com
cust0234,Gulley Jimson ,9204 S. Hickory St,360-001-3062,GulleyJimson@email.com
cust0235,Joad family ,9244 E. Douglas Ave,253-001-1610,Joadfamily@email.com
cust0236,Joseph K. ,9283 W. Aspen Ave,253-001-1749,JosephK@email.com
cust0237,Juliet  Smith,9323 N. Fir Rd,509-001-2577,JulietSmith@email.com
cust0238,Karamazov brothers ,9362 S. Spruce Way,360-001-7981,Karamazovbrothers@email.com
cust0239,Anna Karenina ,9401 E. Elm Way,425-001-1346,AnnaKarenina@email.com
cust0240,Katharina  Smith,9441 W. Birch Way,425-001-4668,KatharinaSmith@email.com
cust0241,Carol Kennicott ,9480 N. Douglas Way,360-001-3216,CarolKennicott@email.com
cust0242,Diedrich Knickerbocker ,9520 S. Ash Ave,425-001-1385,DiedrichKnickerbocker@email.com
cust0243,George Knightley ,9559 E. Spruce Blvd,253-001-2525,GeorgeKnightley@email.com
cust0244,Stanley Kowalski ,9599 W. Elm Ave,253-001-3690,StanleyKowalski@email.com
cust0245,Tonio Kröger ,9638 N. Spruce Ave,360-001-5694,TonioKröger@email.com
cust0246,Mr. Kurtz ,9678 S. Cedar Way,425-001-1263,MrKurtz@email.com
cust0247,Will Ladislaw ,9717 E. Maple Ave,253-001-1370,WillLadislaw@email.com
cust0248,Lydia Languish ,9756 W. Cedar Ave,206-001-2076,LydiaLanguish@email.com
cust0249,Silas Lapham ,9796 N. Ash Ave,253-001-9204,SilasLapham@email.com
cust0250,Wolf Larsen ,9835 S. Aspen Rd,206-001-2123,WolfLarsen@email.com
cust0251,Lazarillo de Tormes ,9875 E. Birch St,360-001-1863,LazarillodeTormes@email.com
cust0252,Lear  Smith,9914 W. Pine Rd,425-001-2420,LearSmith@email.com
cust0253,Simon Legree ,9954 N. Fir Rd,425-001-2932,SimonLegree@email.com
cust0254,Lemminkäinen  Smith,9993 S. Birch Blvd,360-001-1389,LemminkäinenSmith@email.com
cust0255,Inspector Lestrade ,1003 E. Ash St,253-001-2262,InspectorLestrade@email.com
cust0256,Konstantine Levin ,1007 W. Elm St,360-001-3279,KonstantineLevin@email.com
cust0257,Linton family ,1011 N. Ash St,509-001-1236,Lintonfamily@email.com
cust0258,Little Em’ly ,1015 S. Cedar St,509-001-2261,LittleEm’ly@email.com
cust0259,Little Eva ,1019 E. Hickory Ave,425-001-3705,LittleEva@email.com
cust0260,Little Nell ,1023 W. Elm Way,509-001-1701,LittleNell@email.com
cust0261,Lochinvar  Smith,1026 N. Spruce Blvd,253-001-6325,LochinvarSmith@email.com
cust0262,Lohengrin  Smith,1030 S. Fir Rd,425-001-3350,LohengrinSmith@email.com
cust0263,Willy Loman ,1034 E. Mahogany Blvd,206-001-2194,WillyLoman@email.com
cust0264,Studs Lonigan ,1038 W. Elm Blvd,360-001-1642,StudsLonigan@email.com
cust0265,Lothario  Smith,1042 N. Spruce Ave,509-001-1243,LotharioSmith@email.com
cust0266,Robert Lovelace ,1046 S. Ash Blvd,509-001-1760,RobertLovelace@email.com
cust0267,Sut Lovingood ,1050 E. Douglas Way,206-001-1855,SutLovingood@email.com
cust0268,Lugalbanda  Smith,1054 W. Hickory Blvd,253-001-4274,LugalbandaSmith@email.com
cust0269,Lulu  Smith,1058 N. Oak Blvd,206-001-8731,LuluSmith@email.com
cust0270,Arsène Lupin ,1062 S. Oak Rd,360-001-1299,ArsèneLupin@email.com
cust0271,Tertius Lydgate ,1066 E. Pine Blvd,206-001-4629,TertiusLydgate@email.com
cust0272,Barry Lyndon ,1070 W. Birch St,360-001-1721,BarryLyndon@email.com
cust0273,Macbeth  Smith,1074 N. Elm Ave,509-001-1701,MacbethSmith@email.com
cust0274,Lady Macbeth ,1078 S. Cedar Rd,360-001-2987,LadyMacbeth@email.com
cust0275,Macheath  Smith,1082 E. Mahogany Ave,360-001-2896,MacheathSmith@email.com
cust0276,Mad Hatter ,1086 W. Maple Rd,206-001-3038,MadHatter@email.com
cust0277,Madog ab Owain Gwynedd ,1090 N. Mahogany St,206-001-4905,MadogabOwainGwynedd@email.com
cust0278,Maeldúin  Smith,1094 S. Birch Way,206-001-3650,MaeldúinSmith@email.com
cust0279,Abel Magwitch ,1097 E. Cedar Way,425-001-1780,AbelMagwitch@email.com
cust0280,Jules Maigret ,1101 W. Birch Way,206-001-2801,JulesMaigret@email.com
cust0281,Major Major ,1105 N. Hickory Way,425-001-1934,MajorMajor@email.com
cust0282,Malcolm  Smith,1109 S. Oak Ave,360-001-1634,MalcolmSmith@email.com
cust0283,Alexander and Lucie Manette ,1113 E. Maple Way,253-001-7626,AlexanderandLucieManette@email.com
cust0284,Marcel  Smith,1117 W. Pine St,253-001-3014,MarcelSmith@email.com
cust0285,March Hare ,1121 N. Hickory Rd,206-001-6522,MarchHare@email.com
cust0286,March family ,1125 S. Cedar Ave,425-001-3413,Marchfamily@email.com
cust0287,Augie March ,1129 E. Elm Ave,360-001-2936,AugieMarch@email.com
cust0288,Marchmain family ,1133 W. Elm Way,206-001-3693,Marchmainfamily@email.com
cust0289,Jacob Marley ,1137 N. Mahogany Way,425-001-3105,JacobMarley@email.com
cust0290,Philip Marlowe ,1141 S. Elm Way,425-001-7429,PhilipMarlowe@email.com
cust0291,Miss Marple ,1145 E. Mahogany St,425-001-2486,MissMarple@email.com
cust0292,Bertha Mason ,1149 W. Birch Way,253-001-1330,BerthaMason@email.com
cust0293,Perry Mason ,1153 N. Cedar Ave,253-001-1867,PerryMason@email.com
cust0294,Travis McGee ,1157 S. Mahogany Ave,206-001-5851,TravisMcGee@email.com
cust0295,Wilhelm Meister ,1161 E. Mahogany Blvd,360-001-5299,WilhelmMeister@email.com
cust0296,Oliver Mellors ,1165 W. Elm Rd,360-001-3760,OliverMellors@email.com
cust0297,Mr. Merdle ,1168 N. Ash Rd,509-001-3022,MrMerdle@email.com
cust0298,Wilkins Micawber ,1172 S. Oak Ave,253-001-3874,WilkinsMicawber@email.com
cust0299,Daisy Miller ,1176 E. Aspen St,425-001-2561,DaisyMiller@email.com
cust0300,Miranda  Smith,1180 W. Elm Blvd,206-001-3835,MirandaSmith@email.com
cust0301,Walter Mitty ,1184 N. Cedar Ave,425-001-3350,WalterMitty@email.com
cust0302,Mock Turtle ,1188 S. Pine Way,509-001-7074,MockTurtle@email.com
cust0303,Sara Monday ,1192 E. Aspen Way,206-001-1464,SaraMonday@email.com
cust0304,Moomintroll  Smith,1196 W. Birch Way,360-001-3539,MoomintrollSmith@email.com
cust0305,Hank Morgan ,1200 N. Fir Blvd,253-001-2360,HankMorgan@email.com
cust0306,Professor Moriarty ,1204 S. Douglas Way,360-001-3224,ProfessorMoriarty@email.com
cust0307,Catherine Morland ,1208 E. Elm Rd,425-001-1145,CatherineMorland@email.com
cust0308,Hazel Motes ,1212 W. Hickory Blvd,360-001-3634,HazelMotes@email.com
cust0309,Mr. Moto ,1216 N. Birch Ave,509-001-3247,MrMoto@email.com
cust0310,Mowgli  Smith,1220 S. Mahogany Rd,425-001-1768,MowgliSmith@email.com
cust0311,Mugridge  Smith,1224 E. Elm Rd,360-001-3709,MugridgeSmith@email.com
cust0312,Baron Munchausen ,1228 W. Ash Ave,509-001-7634,BaronMunchausen@email.com
cust0313,Edward Murdstone ,1232 N. Aspen St,206-001-3425,EdwardMurdstone@email.com
cust0314,testname,1236 S. Hickory Rd,509-001-8029,CaptainNemo@email.com
cust0315,Nicholas Nickleby ,1239 E. Pine St,253-001-2537,NicholasNickleby@email.com
cust0316,Scarlett O’Hara ,1243 W. Spruce Ave,360-001-3283,ScarlettO’Hara@email.com
cust0317,Gabriel Oak ,1247 N. Fir Blvd,425-001-3685,GabrielOak@email.com
cust0318,Oberon  Smith,1251 S. Elm St,425-001-3630,OberonSmith@email.com
cust0319,Odette  Smith,1255 E. Mahogany Rd,253-001-2312,OdetteSmith@email.com
cust0320,Duke of Omnium ,1259 W. Maple Way,253-001-1492,DukeofOmnium@email.com
cust0321,Eugene Onegin ,1263 N. Maple Ave,253-001-1646,EugeneOnegin@email.com
cust0322,Ophelia  Smith,1267 S. Birch Rd,425-001-3523,OpheliaSmith@email.com
cust0323,Orlando  Smith,1271 E. Birch Ave,425-001-2588,OrlandoSmith@email.com
cust0324,Gilbert Osmond ,1275 W. Douglas Way,425-001-3377,GilbertOsmond@email.com
cust0325,Othello  Smith,1279 N. Birch Way,360-001-1634,OthelloSmith@email.com
cust0326,Palliser family ,1283 S. Pine Blvd,509-001-2466,Palliserfamily@email.com
cust0327,Pancks  Smith,1287 E. Fir Ave,360-001-3756,PancksSmith@email.com
cust0328,Pangloss  Smith,1291 W. Spruce Blvd,509-001-3358,PanglossSmith@email.com
cust0329,Pantaloon  Smith,1295 N. Douglas Rd,206-001-5930,PantaloonSmith@email.com
cust0330,Panurge  Smith,1299 S. Maple Rd,206-001-2403,PanurgeSmith@email.com
cust0331,Peachum family ,1303 E. Hickory Way,253-001-1354,Peachumfamily@email.com
cust0332,Pearl  Smith,1307 W. Maple Blvd,206-001-6206,PearlSmith@email.com
cust0333,Seth Pecksniff ,1310 N. Aspen St,425-001-1587,SethPecksniff@email.com
cust0334,Pedrolino  Smith,1314 S. Cedar St,206-001-1314,PedrolinoSmith@email.com
cust0335,Peer Gynt ,1318 E. Birch St,425-001-2466,PeerGynt@email.com
cust0336,Clara Peggotty ,1322 W. Mahogany St,253-001-2174,ClaraPeggotty@email.com
cust0337,Peter Pan ,1326 N. Cedar Way,509-001-3603,PeterPan@email.com
cust0338,Petruchio  Smith,1330 S. Douglas Blvd,509-001-6127,PetruchioSmith@email.com
cust0339,Samuel Pickwick ,1334 E. Douglas Ave,360-001-2775,SamuelPickwick@email.com
cust0340,Piglet  Smith,1338 W. Oak Ave,360-001-3496,PigletSmith@email.com
cust0341,Billy Pilgrim ,1342 N. Spruce Rd,425-001-2182,BillyPilgrim@email.com
cust0342,Pinocchio  Smith,1346 S. Maple Ave,509-001-2297,PinocchioSmith@email.com
cust0343,Pip  Smith,1350 E. Cedar Rd,206-001-3003,PipSmith@email.com
cust0344,Sir Fretful Plagiary ,1354 W. Maple St,206-001-3342,SirFretfulPlagiary@email.com
cust0345,Anna Livia Plurabelle ,1358 N. Maple Ave,206-001-2249,AnnaLiviaPlurabelle@email.com
cust0346,Hercule Poirot ,1362 S. Pine Rd,253-001-3535,HerculePoirot@email.com
cust0347,Ross Poldark ,1366 E. Oak Way,253-001-8928,RossPoldark@email.com
cust0348,Aunt Polly ,1370 W. Cedar Blvd,253-001-1247,AuntPolly@email.com
cust0349,Pollyanna  Smith,1374 N. Hickory Way,253-001-5378,PollyannaSmith@email.com
cust0350,Polonius  Smith,1378 S. Oak Blvd,206-001-3531,PoloniusSmith@email.com
cust0351,Pontifex family ,1381 E. Fir Rd,206-001-2506,Pontifexfamily@email.com
cust0352,Mary Poppins ,1385 W. Hickory Blvd,509-001-2403,MaryPoppins@email.com
cust0353,Porthos  Smith,1389 N. Maple Way,206-001-1449,PorthosSmith@email.com
cust0354,Portia  Smith,1393 S. Elm Rd,360-001-2514,PortiaSmith@email.com
cust0355,Harry Potter ,1397 E. Ash Blvd,425-001-2391,HarryPotter@email.com
cust0356,Fanny Price ,1401 W. Pine Rd,360-001-2573,FannyPrice@email.com
cust0357,Miss Prism ,1405 N. Mahogany Rd,206-001-3689,MissPrism@email.com
cust0358,Prospero  Smith,1409 S. Douglas Rd,253-001-2928,ProsperoSmith@email.com
cust0359,J. Alfred Prufrock ,1413 E. Hickory Blvd,253-001-2612,JAlfredPrufrock@email.com
cust0360,Hester Prynne ,1417 W. Douglas St,253-001-4076,HesterPrynne@email.com
cust0361,Puck  Smith,1421 N. Elm Rd,253-001-2648,PuckSmith@email.com
cust0362,Puss in Boots ,1425 S. Maple Ave,206-001-1760,PussinBoots@email.com
cust0363,Quasimodo  Smith,1429 E. Birch Blvd,360-001-2805,QuasimodoSmith@email.com
cust0364,Allan Quatermain ,1433 W. Pine Ave,509-001-1539,AllanQuatermain@email.com
cust0365,Captain Queeg ,1437 N. Mahogany Rd,425-001-1918,CaptainQueeg@email.com
cust0366,Queen of Hearts ,1441 S. Fir Ave,425-001-1658,QueenofHearts@email.com
cust0367,Queequeg  Smith,1445 E. Mahogany Way,206-001-9480,QueequegSmith@email.com
cust0368,Adela Quested ,1449 W. Aspen Rd,509-001-3827,AdelaQuested@email.com
cust0369,Daniel Quilp ,1452 N. Hickory Way,509-001-2872,DanielQuilp@email.com
cust0370,A.J. Raffles ,1456 S. Douglas Rd,425-001-1133,AJRaffles@email.com
cust0371,Ramsay family ,1460 E. Aspen Blvd,425-001-1236,Ramsayfamily@email.com
cust0372,Basil Ransom ,1464 W. Spruce Ave,425-001-1819,BasilRansom@email.com
cust0373,Rodion Raskolnikov ,1468 N. Maple Way,360-001-8029,RodionRaskolnikov@email.com
cust0374,Red Cross Knight ,1472 S. Fir Way,253-001-2861,RedCrossKnight@email.com
cust0375,Regan  Smith,1476 E. Fir Ave,425-001-3445,ReganSmith@email.com
cust0376,Reynard the Fox ,1480 W. Ash Ave,360-001-8100,ReynardtheFox@email.com
cust0377,Richard III ,1484 N. Mahogany Rd,425-001-2210,RichardIII@email.com
cust0378,Tom Ripley ,1488 S. Maple Ave,253-001-1058,TomRipley@email.com
cust0379,Howard Roark ,1492 E. Spruce Way,360-001-8770,HowardRoark@email.com
cust0380,Robin Hood ,1496 W. Hickory St,425-001-2230,RobinHood@email.com
cust0381,Christopher Robin ,1500 N. Oak Ave,509-001-3800,ChristopherRobin@email.com
cust0382,Mr. Rochester ,1504 S. Birch Rd,425-001-3326,MrRochester@email.com
cust0383,Rocinante  Smith,1508 E. Pine St,425-001-3014,RocinanteSmith@email.com
cust0384,Romeo  Smith,1512 W. Mahogany Way,425-001-1749,RomeoSmith@email.com
cust0385,Rosalind  Smith,1516 N. Douglas St,253-001-3800,RosalindSmith@email.com
cust0386,Rosencrantz  Smith,1520 S. Hickory Blvd,509-001-1500,RosencrantzSmith@email.com
cust0387,Rostov family ,1523 E. Mahogany Ave,253-001-1299,Rostovfamily@email.com
cust0388,Roxane  Smith,1527 W. Aspen Rd,425-001-2060,RoxaneSmith@email.com
cust0389,Barnaby Rudge ,1531 N. Douglas Rd,253-001-1555,BarnabyRudge@email.com
cust0390,Ruggiero  Smith,1535 S. Hickory Ave,360-001-2821,RuggieroSmith@email.com
cust0391,Marmaduke Ruggles ,1539 E. Maple Blvd,206-001-4274,MarmadukeRuggles@email.com
cust0392,Horace Rumpole ,1543 W. Hickory St,360-001-3480,HoraceRumpole@email.com
cust0393,Charles Ryder ,1547 N. Fir Blvd,253-001-2640,CharlesRyder@email.com
cust0394,The Saint ,1551 S. Pine Rd,253-001-2517,TheSaint@email.com
cust0395,Gregor Samsa ,1555 E. Elm Way,206-001-3011,GregorSamsa@email.com
cust0396,Sancho Panza ,1559 W. Aspen Ave,206-001-2277,SanchoPanza@email.com
cust0397,Tom Sawyer ,1563 N. Cedar Rd,360-001-3867,TomSawyer@email.com
cust0398,Scapin  Smith,1567 S. Ash Ave,206-001-2439,ScapinSmith@email.com
cust0399,Scaramouche  Smith,1571 E. Aspen St,509-001-2888,ScaramoucheSmith@email.com
cust0400,Ebenezer Scrooge ,1575 W. Mahogany St,509-001-1484,EbenezerScrooge@email.com
cust0401,Amelia Sedley ,1579 N. Fir St,206-001-3302,AmeliaSedley@email.com
cust0402,The Shadow ,1583 S. Hickory Rd,206-001-3685,TheShadow@email.com
cust0403,Shakuntala  Smith,1587 E. Ash St,509-001-1906,ShakuntalaSmith@email.com
cust0404,Becky Sharp ,1591 W. Hickory Way,509-001-5102,BeckySharp@email.com
cust0405,Ántonia Shimerda ,1594 N. Hickory Rd,206-001-3614,ÁntoniaShimerda@email.com
cust0406,Anne Shirley ,1598 S. Fir St,360-001-1468,AnneShirley@email.com
cust0407,Shrek  Smith,1602 E. Spruce Way,360-001-3882,ShrekSmith@email.com
cust0408,Shylock  Smith,1606 W. Hickory Blvd,206-001-3657,ShylockSmith@email.com
cust0409,Bill Sikes ,1610 N. Elm Blvd,206-001-3586,BillSikes@email.com
cust0410,Long John Silver ,1614 S. Pine St,360-001-2679,LongJohnSilver@email.com
cust0411,Tyrone Slothrop ,1618 E. Oak Blvd,253-001-7469,TyroneSlothrop@email.com
cust0412,Smike  Smith,1622 W. Aspen Way,206-001-3575,SmikeSmith@email.com
cust0413,George Smiley ,1626 N. Ash Way,253-001-9993,GeorgeSmiley@email.com
cust0414,Winston Smith ,1630 S. Douglas St,425-001-4274,WinstonSmith@email.com
cust0415,Snark  Smith,1634 E. Maple Ave,206-001-3543,SnarkSmith@email.com
cust0416,Snopes family ,1638 W. Hickory Ave,425-001-1105,Snopesfamily@email.com
cust0417,Snowball  Smith,1642 N. Mahogany Way,206-001-3164,SnowballSmith@email.com
cust0418,Lucy Snowe ,1646 S. Cedar St,509-001-2411,LucySnowe@email.com
cust0419,Halvard Solness ,1650 E. Douglas Way,253-001-1441,HalvardSolness@email.com
cust0420,Hetty Sorrel ,1654 W. Oak Way,425-001-1019,HettySorrel@email.com
cust0421,Sam Spade ,1658 N. Oak St,206-001-7745,SamSpade@email.com
cust0422,Dora Spenlow ,1662 S. Spruce St,206-001-1464,DoraSpenlow@email.com
cust0423,Wackford Squeers ,1665 E. Hickory Ave,360-001-3598,WackfordSqueers@email.com
cust0424,Stage Manager ,1669 W. Birch St,360-001-2040,StageManager@email.com
cust0425,Monroe Stahr ,1673 N. Ash Ave,253-001-7232,MonroeStahr@email.com
cust0426,Starbuck  Smith,1677 S. Elm Blvd,509-001-1669,StarbuckSmith@email.com
cust0427,Willie Stark,1681 E. Ash Ave,360-001-2383,WillieStark@email.com
cust0428,James Steerforth ,1685 W. Ash Blvd,206-001-2723,JamesSteerforth@email.com
cust0429,Lambert Strether ,1689 N. Hickory St,253-001-1354,LambertStrether@email.com
cust0430,Esther Summerson ,1693 S. Mahogany Way,253-001-3594,EstherSummerson@email.com
cust0431,Charles and Joseph Surface ,1697 E. Hickory Ave,360-001-2565,CharlesandJosephSurface@email.com
cust0432,Sutpen family ,1701 W. Pine Rd,206-001-1129,Sutpenfamily@email.com
cust0433,Svengali  Smith,1705 N. Fir St,206-001-1500,SvengaliSmith@email.com
cust0434,Charles Swann ,1709 S. Ash Blvd,425-001-1729,CharlesSwann@email.com
cust0435,Verena Tarrant ,1713 E. Birch Rd,253-001-1804,VerenaTarrant@email.com
cust0436,Tarzan  Smith,1717 W. Douglas Ave,509-001-1622,TarzanSmith@email.com
cust0437,Tattycoram  Smith,1721 N. Maple Blvd,360-001-2443,TattycoramSmith@email.com
cust0438,Suky Tawdry ,1725 S. Pine St,253-001-1701,SukyTawdry@email.com
cust0439,Lady Teazle ,1729 E. Elm St,253-001-3302,LadyTeazle@email.com
cust0440,William Tell ,1733 W. Fir Rd,509-001-2435,WilliamTell@email.com
cust0441,Becky Thatcher ,1736 N. Hickory Blvd,509-001-1263,BeckyThatcher@email.com
cust0442,Thomas Bigger ,1740 S. Pine Rd,360-001-2821,ThomasBigger@email.com
cust0443,Thomas the Tank Engine ,1744 E. Hickory Blvd,509-001-5575,ThomastheTankEngine@email.com
cust0444,Sadie Thompson ,1748 W. Elm Blvd,206-001-3271,SadieThompson@email.com
cust0445,Christopher Tietjens ,1752 N. Aspen Way,360-001-1129,ChristopherTietjens@email.com
cust0446,Tinker Bell ,1756 S. Douglas Ave,425-001-3642,TinkerBell@email.com
cust0447,Titania  Smith,1760 E. Oak Way,206-001-7035,TitaniaSmith@email.com
cust0448,Tituba  Smith,1764 W. Birch Blvd,425-001-2794,TitubaSmith@email.com
cust0449,Topsy  Smith,1768 N. Spruce Ave,253-001-2854,TopsySmith@email.com
cust0450,Tristan  Smith,1772 S. Aspen Way,253-001-7074,TristanSmith@email.com
cust0451,Betsey Trotwood ,1776 E. Spruce Ave,360-001-1882,BetseyTrotwood@email.com
cust0452,Sergeant Francis Troy ,1780 W. Oak Rd,425-001-2025,SergeantFrancisTroy@email.com
cust0453,Tweedledum and Tweedledee ,1784 N. Hickory Ave,206-001-3109,TweedledumandTweedledee@email.com
cust0454,Oliver Twist ,1788 S. Maple Way,253-001-2510,OliverTwist@email.com
cust0455,Urizen  Smith,1792 E. Hickory Way,206-001-2281,UrizenSmith@email.com
cust0456,Jean Valjean ,1796 W. Birch Way,425-001-3480,JeanValjean@email.com
cust0457,Valmont  Smith,1800 N. Douglas St,425-001-3188,ValmontSmith@email.com
cust0458,Philo Vance ,1804 S. Aspen Ave,253-001-2111,PhiloVance@email.com
cust0459,Dolly Varden ,1807 E. Fir St,206-001-9441,DollyVarden@email.com
cust0460,Varner family ,1811 W. Maple Blvd,206-001-3535,Varnerfamily@email.com
cust0461,Diggory Venn ,1815 N. Ash Blvd,206-001-1026,DiggoryVenn@email.com
cust0462,Captain Vere ,1819 S. Fir St,509-001-4471,CaptainVere@email.com
cust0463,Rosamond Vincy ,1823 E. Spruce St,253-001-1434,RosamondVincy@email.com
cust0464,Viola  Smith,1827 W. Cedar Way,425-001-7311,ViolaSmith@email.com
cust0465,Count Aleksey Vronsky ,1831 N. Mahogany Blvd,425-001-2837,CountAlekseyVronsky@email.com
cust0466,Eustacia Vye ,1835 S. Douglas Way,360-001-1681,EustaciaVye@email.com
cust0467,Dr. Watson ,1839 E. Elm Blvd,509-001-5615,DrWatson@email.com
cust0468,Weird Sisters ,1843 W. Elm Blvd,425-001-5299,WeirdSisters@email.com
cust0469,Sam Weller ,1847 N. Mahogany Rd,253-001-3472,SamWeller@email.com
cust0470,Frederick Wentworth ,1851 S. Aspen St,425-001-4313,FrederickWentworth@email.com
cust0471,Werther  Smith,1855 E. Hickory Rd,360-001-3867,WertherSmith@email.com
cust0472,Sophia Western ,1859 W. Oak Blvd,360-001-2281,SophiaWestern@email.com
cust0473,Simon Wheeler ,1863 N. Elm St,360-001-3776,SimonWheeler@email.com
cust0474,White Rabbit ,1867 S. Maple Way,253-001-3484,WhiteRabbit@email.com
cust0475,Agnes Wickfield ,1871 E. Oak Ave,425-001-3295,AgnesWickfield@email.com
cust0476,Tom Wilcher ,1875 W. Aspen Way,360-001-2652,TomWilcher@email.com
cust0477,Damon Wildeve ,1878 N. Birch Blvd,425-001-2375,DamonWildeve@email.com
cust0478,Pudd’nhead Wilson ,1882 S. Ash Rd,425-001-1650,Pudd’nheadWilson@email.com
cust0479,Lord Peter Wimsey ,1886 E. Cedar Way,425-001-9441,LordPeterWimsey@email.com
cust0480,Wingfield family ,1890 W. Pine Rd,425-001-2549,Wingfieldfamily@email.com
cust0481,Wise Men of Gotham ,1894 N. Cedar Blvd,360-001-1733,WiseMenofGotham@email.com
cust0482,Wolfdietrich  Smith,1898 S. Douglas Blvd,360-001-1326,WolfdietrichSmith@email.com
cust0483,Nero Wolfe ,1902 E. Douglas Ave,253-001-5141,NeroWolfe@email.com
cust0484,Emma Woodhouse ,1906 W. Hickory Way,206-001-6877,EmmaWoodhouse@email.com
cust0485,Bertie Wooster ,1910 N. Fir Ave,360-001-1370,BertieWooster@email.com
cust0486,Clym Yeobright ,1914 S. Maple Way,509-001-1192,ClymYeobright@email.com
cust0487,Captain John Yossarian ,1918 E. Douglas Rd,206-001-2064,CaptainJohnYossarian@email.com
cust0488,Zorro  Smith,1922 W. Maple Way,206-001-3685,ZorroSmith@email.com
cust0489,Abe  Smith,1926 N. Maple Way,360-001-2853,AbeSmith@email.com
cust0490,Adam Jensen ,1930 S. Mahogany Way,253-001-1725,AdamJensen@email.com
cust0491,Agent 47,1934 E. Pine Way,206-001-8297,Agent47@email.com
cust0492,Akuma  Smith,1938 W. Spruce Ave,425-001-2020,AkumaSmith@email.com
cust0493,Kaidan Alenko,1942 N. Oak Blvd,360-001-7390,KaidanAlenko@email.com
cust0494,Alex  Smith,1946 S. Fir Way,425-001-1717,AlexSmith@email.com
cust0495,Alex Hunter ,1949 E. Birch Way,253-001-2967,AlexHunter@email.com
cust0496,Alistair  Smith,1953 W. Douglas Way,206-001-3748,AlistairSmith@email.com
cust0497,Altaïr Ibn-La?Ahad,1957 N. Douglas Ave,253-001-4116,AltaïrIbnLa?Ahad@email.com
cust0498,Alucard  Smith,1961 S. Ash Blvd,253-001-2048,AlucardSmith@email.com
cust0499,Anders  Smith,1965 E. Douglas Rd,253-001-3074,AndersSmith@email.com
cust0500,Arbiter  Smith,1969 W. Douglas St,509-001-2825,ArbiterSmith@email.com
cust0501,Arthur  Smith,1973 N. Oak Ave,509-001-1512,ArthurSmith@email.com
cust0502,Ash Crimson,1977 S. Ash Blvd,360-001-4431,AshCrimson@email.com
cust0503,Astaroth  Smith,1981 E. Cedar St,425-001-1867,AstarothSmith@email.com
cust0504,Avatar  Smith,1985 W. Elm Way,253-001-8770,AvatarSmith@email.com
cust0505,Balrog  Smith,1989 N. Hickory Way,253-001-2341,BalrogSmith@email.com
cust0506,Balthier Smith,1993 S. Mahogany Ave,509-001-2080,BalthierSmith@email.com
cust0507,Baraka  Smith,1997 E. Birch Rd,253-001-1378,BarakaSmith@email.com
cust0508,Barret Wallace,2001 W. Spruce Ave,509-001-2178,BarretWallace@email.com
cust0509,Battletoads  Smith,2005 N. Fir Rd,360-001-1247,BattletoadsSmith@email.com
cust0510,Niko Bellic,2009 S. Pine Ave,206-001-4668,NikoBellic@email.com
cust0511,Big Boss ,2013 E. Hickory Rd,425-001-3480,BigBoss@email.com
cust0512,Big Daddy ,2017 W. Fir Ave,509-001-2226,BigDaddy@email.com
cust0513,Billy Blaze,2020 N. Birch Ave,360-001-2068,BillyBlaze@email.com
cust0514,Billy Kane,2024 S. Pine St,509-001-2667,BillyKane@email.com
cust0515,Birdie  Smith,2028 E. Aspen Blvd,509-001-3169,BirdieSmith@email.com
cust0516,Christopher Blair,2032 W. Spruce Blvd,509-001-3456,ChristopherBlair@email.com
cust0517,Blanka Smith,2036 N. Cedar Ave,360-001-1039,BlankaSmith@email.com
cust0518,B.J. Blazkowicz,2040 S. Spruce St,509-001-1890,BJBlazkowicz@email.com
cust0519,Bowser  Smith,2044 E. Hickory St,360-001-3306,BowserSmith@email.com
cust0520,Bowser Jr.,2048 W. Douglas Blvd,425-001-3259,BowserJr@email.com
cust0521,Bridget  Smith,2052 N. Ash Way,509-001-9204,BridgetSmith@email.com
cust0522,Brock  Smith,2056 S. Spruce Ave,253-001-5536,BrockSmith@email.com
cust0523,Bryan Fury,2060 E. Hickory Blvd,253-001-6285,BryanFury@email.com
cust0524,Captain Falcon,2064 W. Birch Ave,509-001-3840,CaptainFalcon@email.com
cust0525,Captain Olimar,2068 N. Cedar Ave,206-001-9283,CaptainOlimar@email.com
cust0526,Captain Qwark,2072 S. Cedar Blvd,425-001-2328,CaptainQwark@email.com
cust0527,Cervantes de Leon,2076 E. Mahogany Ave,425-001-3997,CervantesdeLeon@email.com
cust0528,Charlie  Smith,2080 W. Spruce St,425-001-2604,CharlieSmith@email.com
cust0529,Chris Redfield,2084 N. Maple Ave,206-001-3728,ChrisRedfield@email.com
cust0530,Clank  Smith,2088 S. Cedar Way,360-001-8021,ClankSmith@email.com
cust0531,Claptrap Smith,2091 E. Hickory Ave,509-001-7469,ClaptrapSmith@email.com
cust0532,Claude  Smith,2095 W. Hickory Ave,425-001-1986,ClaudeSmith@email.com
cust0533,Cloud Strife,2099 N. Oak St,425-001-1804,CloudStrife@email.com
cust0534,Cody  Smith,2103 S. Douglas Way,253-001-2624,CodySmith@email.com
cust0535,Cole MacGrath,2107 E. Maple Way,360-001-1630,ColeMacGrath@email.com
cust0536,Conker the Squirrel,2111 W. Cedar Ave,253-001-1594,ConkertheSquirrel@email.com
cust0537,Sly Cooper ,2115 N. Cedar Blvd,253-001-1149,SlyCooper@email.com
cust0538,Corvo Attano,2119 S. Mahogany Blvd,425-001-2316,CorvoAttano@email.com
cust0539,Craig Marduk,2123 E. Oak St,425-001-3022,CraigMarduk@email.com
cust0540,Crash Bandicoot ,2127 W. Spruce Way,253-001-3768,CrashBandicoot@email.com
cust0541,Crono  Smith,2131 N. Maple St,206-001-2190,CronoSmith@email.com
cust0542,Soma Cruz,2135 S. Ash Way,509-001-8817,SomaCruz@email.com
cust0543,Crypto  Smith,2139 E. Birch Way,206-001-2068,CryptoSmith@email.com
cust0544,Cyrax Smith,2143 W. Fir Blvd,206-001-2972,CyraxSmith@email.com
cust0545,Dante  Smith,2147 N. Oak Way,360-001-2064,DanteSmith@email.com
cust0546,Date Masamune ,2151 S. Maple Rd,206-001-2525,DateMasamune@email.com
cust0547,Daxter Smith,2155 E. Hickory Ave,360-001-1046,DaxterSmith@email.com
cust0548,Dee Jay,2159 W. Spruce Rd,206-001-1677,DeeJay@email.com
cust0549,Demitri Maximoff,2162 N. Birch Blvd,509-001-3330,DemitriMaximoff@email.com
cust0550,Desmond Miles,2166 S. Douglas St,425-001-2107,DesmondMiles@email.com
cust0551,Dhalsim Smith,2170 E. Fir Ave,206-001-6246,DhalsimSmith@email.com
cust0552,Diddy Kong,2174 W. Cedar St,360-001-2581,DiddyKong@email.com
cust0553,Doctor Eggman,2178 N. Fir Way,509-001-4865,DoctorEggman@email.com
cust0554,Doctor Nefarious,2182 S. Cedar Ave,206-001-6845,DoctorNefarious@email.com
cust0555,Doctor Neo Cortex,2186 E. Pine Ave,253-001-1788,DoctorNeoCortex@email.com
cust0556,Dogmeat  Smith,2190 W. Cedar Ave,253-001-2940,DogmeatSmith@email.com
cust0557,Domasi Tawodi,2194 N. Ash Blvd,206-001-2932,DomasiTawodi@email.com
cust0558,Donkey Kong ,2198 S. Douglas Ave,425-001-3764,DonkeyKong@email.com
cust0559,Doomfist Smith,2202 E. Ash Way,425-001-2064,DoomfistSmith@email.com
cust0560,Doomguy Smith,2206 W. Maple Blvd,509-001-3575,DoomguySmith@email.com
cust0561,Dorian Pavus,2210 N. Mahogany Blvd,360-001-1642,DorianPavus@email.com
cust0562,Dr. Bosconovitch,2214 S. Maple Ave,509-001-1986,DrBosconovitch@email.com
cust0563,Dr. Wily,2218 E. Elm Blvd,425-001-3752,DrWily@email.com
cust0564,Dracula  Smith,2222 W. Fir Ave,206-001-5102,DraculaSmith@email.com
cust0565,Nathan Drake ,2226 N. Spruce Rd,206-001-2987,NathanDrake@email.com
cust0566,Dudley  Smith,2230 S. Douglas St,253-001-3370,DudleySmith@email.com
cust0567,Duke Nukem ,2233 E. Pine Blvd,360-001-7192,DukeNukem@email.com
cust0568,E. Honda,2237 W. Mahogany St,360-001-2865,EHonda@email.com
cust0569,Eddy Gordo,2241 N. Pine Rd,425-001-2032,EddyGordo@email.com
cust0570,Miles Edgeworth,2245 S. Douglas St,509-001-1078,MilesEdgeworth@email.com
cust0571,Shirou Emiya,2249 E. Cedar St,206-001-5267,ShirouEmiya@email.com
cust0572,Ermac Smith,2253 W. Ash Rd,206-001-3188,ErmacSmith@email.com
cust0573,Ezio Auditore da Firenze,2257 N. Oak Way,360-001-2454,EzioAuditoredaFirenze@email.com
cust0574,Luke fon Fabre,2261 S. Oak Way,509-001-9559,LukefonFabre@email.com
cust0575,Falco Lombardi,2265 E. Spruce St,206-001-2324,FalcoLombardi@email.com
cust0576,Faust  Smith,2269 W. Ash Blvd,509-001-9125,FaustSmith@email.com
cust0577,Fawful Smith,2273 N. Hickory Blvd,206-001-1323,FawfulSmith@email.com
cust0578,Fei Long,2277 S. Spruce Way,509-001-3535,FeiLong@email.com
cust0579,Sam Fisher ,2281 E. Mahogany St,206-001-2474,SamFisher@email.com
cust0580,Flea  Smith,2285 W. Cedar Rd,253-001-2253,FleaSmith@email.com
cust0581,Fox McCloud,2289 N. Mahogany St,253-001-1342,FoxMcCloud@email.com
cust0582,Gordon Freeman,2293 S. Pine Rd,425-001-2561,GordonFreeman@email.com
cust0583,Fulgore Smith,2297 E. Spruce Ave,360-001-1622,FulgoreSmith@email.com
cust0584,G-Man  Smith,2301 W. Elm Way,360-001-2588,GManSmith@email.com
cust0585,Garrett  Smith,2304 N. Birch Way,206-001-1468,GarrettSmith@email.com
cust0586,Garrus Vakarian,2308 S. Fir Way,509-001-2183,GarrusVakarian@email.com
cust0587,Geese Howard,2312 E. Pine Blvd,509-001-3890,GeeseHoward@email.com
cust0588,Gen  Smith,2316 W. Mahogany Ave,206-001-8770,GenSmith@email.com
cust0589,Genji  Smith,2320 N. Douglas Rd,360-001-1318,GenjiSmith@email.com
cust0590,Gill  Smith,2324 S. Fir Ave,206-001-1867,GillSmith@email.com
cust0591,Giygas Smith,2328 E. Maple Way,206-001-3456,GiygasSmith@email.com
cust0592,Glass Joe,2332 W. Ash Blvd,509-001-7350,GlassJoe@email.com
cust0593,Godot  Smith,2336 N. Douglas Way,425-001-3196,GodotSmith@email.com
cust0594,Goro  Smith,2340 S. Cedar Ave,425-001-3515,GoroSmith@email.com
cust0595,Goro Akechi,2344 E. Ash Rd,206-001-3500,GoroAkechi@email.com
cust0596,Goro Majima,2348 W. Aspen St,360-001-2920,GoroMajima@email.com
cust0597,Gouken Smith,2352 N. Birch St,206-001-1764,GoukenSmith@email.com
cust0598,Gray Fox ,2356 S. Spruce Rd,360-001-3938,GrayFox@email.com
cust0599,Guile  Smith,2360 E. Cedar Ave,206-001-1559,GuileSmith@email.com
cust0600,Guy  Smith,2364 W. Birch Way,425-001-2841,GuySmith@email.com
cust0601,Mike Haggar,2368 N. Fir Way,360-001-3362,MikeHaggar@email.com
cust0602,Handsome Jack,2372 S. Aspen Way,253-001-8817,HandsomeJack@email.com
cust0603,Hanzo  Smith,2375 E. Spruce Ave,425-001-2237,HanzoSmith@email.com
cust0604,Haohmaru Smith,2379 W. Hickory Ave,509-001-1591,HaohmaruSmith@email.com
cust0605,Haseo Smith,2383 N. Hickory Rd,425-001-2155,HaseoSmith@email.com
cust0606,Heihachi Mishima,2387 S. Aspen Rd,360-001-2360,HeihachiMishima@email.com
cust0607,Dan Hibiki,2391 E. Cedar Ave,509-001-1366,DanHibiki@email.com
cust0608,HK-47 Smith,2395 W. Oak Ave,206-001-3776,HK47Smith@email.com
cust0609,Hugo  Smith,2399 N. Elm Blvd,425-001-2379,HugoSmith@email.com
cust0610,Hwoarang Smith,2403 S. Spruce Rd,206-001-2506,HwoarangSmith@email.com
cust0611,Ike  Smith,2407 E. Oak Blvd,425-001-3117,IkeSmith@email.com
cust0612,Illidan Stormrage,2411 W. Aspen Way,425-001-1835,IllidanStormrage@email.com
cust0613,Illusive Man,2415 N. Elm Ave,360-001-1823,IllusiveMan@email.com
cust0614,Iori Yagami,2419 S. Birch St,253-001-1204,IoriYagami@email.com
cust0615,Iron Bull,2423 E. Elm St,253-001-3878,IronBull@email.com
cust0616,Jack  Smith,2427 W. Pine Way,253-001-3251,JackSmith@email.com
cust0617,Jago  Smith,2431 N. Ash Way,360-001-3500,JagoSmith@email.com
cust0618,Jak  Smith,2435 S. Hickory Ave,425-001-2588,JakSmith@email.com
cust0619,Jax  Smith,2439 E. Cedar Blvd,360-001-3508,JaxSmith@email.com
cust0620,JC Denton,2443 W. Douglas Ave,360-001-3026,JCDenton@email.com
cust0621,Jedah Dohma,2446 N. Aspen Ave,509-001-5339,JedahDohma@email.com
cust0622,Jin Kazama,2450 S. Elm Blvd,509-001-1705,JinKazama@email.com
cust0623,Jinpachi Mishima,2454 E. Fir Ave,509-001-3054,JinpachiMishima@email.com
cust0624,Joe Higashi,2458 W. Birch Blvd,253-001-3485,JoeHigashi@email.com
cust0625,Joel  Smith,2462 N. Birch St,360-001-1473,JoelSmith@email.com
cust0626,Johnny Cage,2466 S. Hickory Blvd,253-001-1323,JohnnyCage@email.com
cust0627,Carl Johnson ,2470 E. Mahogany Blvd,509-001-1192,CarlJohnson@email.com
cust0628,Cave Johnson ,2474 W. Maple Way,360-001-2715,CaveJohnson@email.com
cust0629,Joker  Smith,2478 N. Pine Rd,253-001-1346,JokerSmith@email.com
cust0630,Kabal  Smith,2482 S. Elm Rd,206-001-1437,KabalSmith@email.com
cust0631,Kain  Smith,2486 E. Fir Rd,206-001-1662,KainSmith@email.com
cust0632,Kane  Smith,2490 W. Aspen Ave,253-001-3575,KaneSmith@email.com
cust0633,Kanji Tatsumi,2494 N. Maple Way,509-001-1117,KanjiTatsumi@email.com
cust0634,Kano  Smith,2498 S. Fir Way,253-001-1413,KanoSmith@email.com
cust0635,Kyle Katarn,2502 E. Elm Rd,509-001-3756,KyleKatarn@email.com
cust0636,Kazuya Mishima,2506 W. Ash Ave,360-001-2502,KazuyaMishima@email.com
cust0637,Kefka Palazzo,2510 N. Cedar Ave,509-001-1090,KefkaPalazzo@email.com
cust0638,Ken Masters,2514 S. Hickory Blvd,253-001-3882,KenMasters@email.com
cust0639,Leon S. Kennedy,2517 E. Maple Rd,509-001-1610,LeonSKennedy@email.com
cust0640,Kenshi  Smith,2521 W. Pine Blvd,253-001-9244,KenshiSmith@email.com
cust0641,Ash Ketchum,2525 N. Hickory Way,253-001-1500,AshKetchum@email.com
cust0642,Alex Kidd,2529 S. Aspen Way,206-001-9283,AlexKidd@email.com
cust0643,Kim Kaphwan,2533 E. Spruce Ave,206-001-2521,KimKaphwan@email.com
cust0644,King  Smith,2537 W. Ash Ave,509-001-8613,KingSmith@email.com
cust0645,King Dedede,2541 N. Spruce Blvd,509-001-2573,KingDedede@email.com
cust0646,King Hippo,2545 S. Cedar Rd,360-001-2166,KingHippo@email.com
cust0647,Kirby  Smith,2549 E. Fir Rd,253-001-2143,KirbySmith@email.com
cust0648,Kazuma Kiryu,2553 W. Douglas Way,253-001-2446,KazumaKiryu@email.com
cust0649,Ky Kiske,2557 N. Birch St,206-001-1539,KyKiske@email.com
cust0650,Kite  Smith,2561 S. Elm Rd,206-001-2854,KiteSmith@email.com
cust0651,Knuckles the Echidna,2565 E. Spruce Ave,425-001-8179,KnucklestheEchidna@email.com
cust0652,Kratos  Smith,2569 W. Pine Rd,253-001-1204,KratosSmith@email.com
cust0653,Krem  Smith,2573 N. Elm St,425-001-2454,KremSmith@email.com
cust0654,Kuma and Panda,2577 S. Mahogany Ave,206-001-1789,KumaandPanda@email.com
cust0655,Kung Lao,2581 E. Ash Rd,360-001-6056,KungLao@email.com
cust0656,Kyo Kusanagi,2585 W. Oak Way,206-001-1710,KyoKusanagi@email.com
cust0657,Larry Laffer,2588 N. Oak Ave,360-001-1863,LarryLaffer@email.com
cust0658,Lars Alexandersson,2592 S. Cedar Blvd,509-001-2573,LarsAlexandersson@email.com
cust0659,Latias and Latios,2596 E. Fir Way,253-001-1276,LatiasandLatios@email.com
cust0660,Marshall Law ,2600 W. Elm Way,360-001-3524,MarshallLaw@email.com
cust0661,Professor Hershel Layton,2604 N. Hickory Ave,425-001-9204,ProfessorHershelLayton@email.com
cust0662,LeChuck Smith,2608 S. Spruce Blvd,360-001-3788,LeChuckSmith@email.com
cust0663,Lee Chaolan,2612 E. Pine St,360-001-3259,LeeChaolan@email.com
cust0664,Lee Everett,2616 W. Mahogany St,206-001-3906,LeeEverett@email.com
cust0665,Lei Wulong,2620 N. Cedar Ave,509-001-6056,LeiWulong@email.com
cust0666,Li Long,2624 S. Spruce Rd,360-001-2458,LiLong@email.com
cust0667,Link  Smith,2628 E. Aspen Blvd,253-001-2084,LinkSmith@email.com
cust0668,Liquid Snake,2632 W. Oak St,360-001-6845,LiquidSnake@email.com
cust0669,Little Mac,2636 N. Maple Blvd,509-001-3224,LittleMac@email.com
cust0670,Liu Kang,2640 S. Cedar Way,509-001-2766,LiuKang@email.com
cust0671,Loghain Mac Tir,2644 E. Pine St,206-001-2636,LoghainMacTir@email.com
cust0672,Lord British,2648 W. Spruce Rd,253-001-1512,LordBritish@email.com
cust0673,Yuri Lowell,2652 N. Douglas St,253-001-1133,YuriLowell@email.com
cust0674,Ludwig Von Drake,2656 S. Mahogany Ave,253-001-1197,LudwigVonDrake@email.com
cust0675,Luigi Smith,2659 E. Birch Way,425-001-1898,LuigiSmith@email.com
cust0676,M. Bison,2663 W. Ash Ave,425-001-1729,MBison@email.com
cust0677,Soap MacTavish,2667 N. Spruce Rd,360-001-1875,SoapMacTavish@email.com
cust0678,Marcus Fenix,2671 S. Cedar St,206-001-3196,MarcusFenix@email.com
cust0679,Mario Smith,2675 E. Pine Blvd,253-001-4786,MarioSmith@email.com
cust0680,John Marston ,2679 W. Pine Rd,206-001-1717,JohnMarston@email.com
cust0681,Marth  Smith,2683 N. Aspen St,425-001-3271,MarthSmith@email.com
cust0682,Master Chief ,2687 S. Hickory Ave,509-001-2854,MasterChief@email.com
cust0683,Max Payne ,2691 E. Elm Blvd,509-001-1385,MaxPayne@email.com
cust0684,Mega Man ,2695 W. Spruce Way,509-001-2186,MegaMan@email.com
cust0685,Mega Man X ,2699 N. Pine Blvd,253-001-2553,MegaManX@email.com
cust0686,Meta Knight,2703 S. Oak Way,425-001-1654,MetaKnight@email.com
cust0687,Minsc Smith,2707 E. Mahogany Blvd,425-001-2262,MinscSmith@email.com
cust0688,Missile  Smith,2711 W. Oak Way,509-001-2533,MissileSmith@email.com
cust0689,Heishiro Mitsurugi,2715 N. Oak Ave,206-001-3492,HeishiroMitsurugi@email.com
cust0690,Mokujin Smith,2719 S. Ash Rd,509-001-3559,MokujinSmith@email.com
cust0691,Mordin Solus,2723 E. Ash St,425-001-2237,MordinSolus@email.com
cust0692,Arthur Morgan ,2727 W. Cedar Rd,360-001-2861,ArthurMorgan@email.com
cust0693,Morte  Smith,2730 N. Fir Way,509-001-1555,MorteSmith@email.com
cust0694,Motaro Smith,2734 S. Pine St,425-001-3456,MotaroSmith@email.com
cust0695,Mr. Nutz,2738 E. Maple St,206-001-1334,MrNutz@email.com
cust0696,Joe Musashi,2742 W. Mahogany Rd,509-001-2005,JoeMusashi@email.com
cust0697,The Nameless One,2746 N. Birch Blvd,206-001-8731,TheNamelessOne@email.com
cust0698,Necrid Smith,2750 S. Cedar Blvd,425-001-6443,NecridSmith@email.com
cust0699,Nero  Smith,2754 E. Birch Way,509-001-2506,NeroSmith@email.com
cust0700,Ness  Smith,2758 W. Mahogany Blvd,425-001-2344,NessSmith@email.com
cust0701,Siegfried and Nightmare,2762 N. Maple Rd,425-001-3681,SiegfriedandNightmare@email.com
cust0702,Nightwolf Smith,2766 S. Hickory St,425-001-1543,NightwolfSmith@email.com
cust0703,Noctis Lucis Caelum,2770 E. Aspen Way,206-001-2735,NoctisLucisCaelum@email.com
cust0704,Noob Saibot,2774 W. Mahogany St,425-001-3389,NoobSaibot@email.com
cust0705,Tom Nook,2778 N. Elm Rd,509-001-3859,TomNook@email.com
cust0706,Ogre  Smith,2782 S. Mahogany Way,206-001-3642,OgreSmith@email.com
cust0707,Oro  Smith,2786 E. Spruce Rd,509-001-1421,OroSmith@email.com
cust0708,Otacon Smith,2790 W. Birch Blvd,509-001-7626,OtaconSmith@email.com
cust0709,The Outsider ,2794 N. Douglas St,360-001-1863,TheOutsider@email.com
cust0710,Ovan Smith,2798 S. Hickory Blvd,360-001-2104,OvanSmith@email.com
cust0711,Pac-Man  Smith,2801 E. Cedar Way,360-001-2829,PacManSmith@email.com
cust0712,Paul Phoenix ,2805 W. Hickory St,360-001-2076,PaulPhoenix@email.com
cust0713,Aiden Pearce,2809 N. Oak Ave,206-001-8613,AidenPearce@email.com
cust0714,Peppy Hare,2813 S. Cedar Blvd,425-001-1236,PeppyHare@email.com
cust0715,Trevor Philips,2817 E. Elm St,509-001-8613,TrevorPhilips@email.com
cust0716,Pit  Smith,2821 W. Spruce Rd,425-001-2072,PitSmith@email.com
cust0717,The Postal Dude,2825 N. Spruce Way,253-001-4392,ThePostalDude@email.com
cust0718,Captain Price,2829 S. Elm Ave,360-001-2289,CaptainPrice@email.com
cust0719,Prince  Smith,2833 E. Spruce Blvd,360-001-6956,PrinceSmith@email.com
cust0720,Protagonist  Smith,2837 W. Oak Rd,253-001-1587,ProtagonistSmith@email.com
cust0721,Proto Man,2841 N. Elm Way,206-001-3066,ProtoMan@email.com
cust0722,Pyramid Head,2845 S. Pine St,425-001-1705,PyramidHead@email.com
cust0723,Quan Chi,2849 E. Mahogany Rd,509-001-3050,QuanChi@email.com
cust0724,Raiden  Smith,2853 W. Elm Blvd,253-001-3563,RaidenSmith@email.com
cust0725,Rain  Smith,2857 N. Aspen Rd,206-001-1957,RainSmith@email.com
cust0726,Ralf Jones,2861 S. Maple Ave,360-001-2872,RalfJones@email.com
cust0727,Ratchet  Smith,2865 E. Birch Way,253-001-1985,RatchetSmith@email.com
cust0728,Rayman  Smith,2869 W. Douglas St,206-001-1930,RaymanSmith@email.com
cust0729,Jim Raynor,2872 N. Mahogany Rd,360-001-1740,JimRaynor@email.com
cust0730,Raziel  Smith,2876 S. Ash Way,425-001-1275,RazielSmith@email.com
cust0731,Reptile  Smith,2880 E. Oak Blvd,509-001-3342,ReptileSmith@email.com
cust0732,Mr. Resetti,2884 W. Spruce Blvd,425-001-1736,MrResetti@email.com
cust0733,Revan Smith,2888 N. Douglas St,360-001-8100,RevanSmith@email.com
cust0734,Revolver Ocelot,2892 S. Cedar Way,253-001-2013,RevolverOcelot@email.com
cust0735,Ridley  Smith,2896 E. Hickory Blvd,425-001-2620,RidleySmith@email.com
cust0736,Rikimaru Smith,2900 W. Douglas St,253-001-2829,RikimaruSmith@email.com
cust0737,Robert Garcia ,2904 N. Maple Ave,253-001-5536,RobertGarcia@email.com
cust0738,Rock Howard,2908 S. Fir Ave,253-001-1267,RockHoward@email.com
cust0739,Rolento Smith,2912 E. Maple Way,206-001-3693,RolentoSmith@email.com
cust0740,Roxas  Smith,2916 W. Hickory St,360-001-8218,RoxasSmith@email.com
cust0741,Rufus  Smith,2920 N. Mahogany St,360-001-1200,RufusSmith@email.com
cust0742,Rugal Bernstein,2924 S. Douglas Blvd,206-001-1109,RugalBernstein@email.com
cust0743,Andrew Ryan ,2928 E. Oak Ave,425-001-2107,AndrewRyan@email.com
cust0744,Ryo Sakazaki,2932 W. Birch Blvd,253-001-1330,RyoSakazaki@email.com
cust0745,Ryu  Smith,2936 N. Pine Ave,425-001-6482,RyuSmith@email.com
cust0746,Ryu Hayabusa,2940 S. Birch St,509-001-1011,RyuHayabusa@email.com
cust0747,Ryuji Yamazaki,2943 E. Oak Rd,425-001-2446,RyujiYamazaki@email.com
cust0748,Sagat  Smith,2947 W. Spruce Blvd,509-001-1993,SagatSmith@email.com
cust0749,Sanada Yukimura ,2951 N. Ash Way,360-001-2533,SanadaYukimura@email.com
cust0750,Scorpion  Smith,2955 S. Birch Rd,425-001-7626,ScorpionSmith@email.com
cust0751,Sektor Smith,2959 E. Maple Rd,253-001-8817,SektorSmith@email.com
cust0752,Sephiroth  Smith,2963 W. Fir Rd,360-001-3682,SephirothSmith@email.com
cust0753,Shadow the Hedgehog,2967 N. Spruce Way,360-001-3654,ShadowtheHedgehog@email.com
cust0754,Shao Kahn,2971 S. Fir Way,206-001-3709,ShaoKahn@email.com
cust0755,Sheng Long,2975 E. Birch Rd,253-001-2028,ShengLong@email.com
cust0756,Shinnok Smith,2979 W. Hickory Blvd,360-001-2490,ShinnokSmith@email.com
cust0757,Shulk Smith,2983 N. Pine St,253-001-2462,ShulkSmith@email.com
cust0758,Simon Belmont,2987 S. Pine Rd,360-001-1441,SimonBelmont@email.com
cust0759,Sissel  Smith,2991 E. Hickory Ave,360-001-3089,SisselSmith@email.com
cust0760,Slippy Toad,2995 W. Spruce Rd,253-001-2817,SlippyToad@email.com
cust0761,Smoke  Smith,2999 N. Aspen Rd,425-001-2557,SmokeSmith@email.com
cust0762,Sodom  Smith,3003 S. Pine Blvd,253-001-1969,SodomSmith@email.com
cust0763,Sol Badguy,3007 E. Pine Blvd,253-001-2876,SolBadguy@email.com
cust0764,Solaire of Astora,3011 W. Maple Ave,360-001-2972,SolaireofAstora@email.com
cust0765,Solas  Smith,3014 N. Mahogany Blvd,360-001-3535,SolasSmith@email.com
cust0766,Solid Snake,3018 S. Cedar Blvd,425-001-3563,SolidSnake@email.com
cust0767,Sonic the Hedgehog ,3022 E. Pine Rd,509-001-3669,SonictheHedgehog@email.com
cust0768,Sora  Smith,3026 W. Aspen Ave,206-001-5141,SoraSmith@email.com
cust0769,Rad Spencer,3030 N. Maple Way,360-001-1516,RadSpencer@email.com
cust0770,Spyro  Smith,3034 S. Oak Rd,509-001-3243,SpyroSmith@email.com
cust0771,Squall Leonhart,3038 E. Cedar Ave,425-001-2198,SquallLeonhart@email.com
cust0772,Starkiller Smith,3042 W. Hickory St,425-001-2841,StarkillerSmith@email.com
cust0773,Strider Hiryu,3046 N. Spruce Ave,425-001-1476,StriderHiryu@email.com
cust0774,Stryker  Smith,3050 S. Cedar Way,360-001-2269,StrykerSmith@email.com
cust0775,Sub-Zero  Smith,3054 E. Douglas Way,206-001-3894,SubZeroSmith@email.com
cust0776,Suicide  Smith,3058 W. Spruce Rd,425-001-5851,SuicideSmith@email.com
cust0777,Sweet Tooth ,3062 N. Oak Ave,253-001-1673,SweetTooth@email.com
cust0778,T. Hawk,3066 S. Maple Blvd,253-001-1276,THawk@email.com
cust0779,Tails  Smith,3070 E. Birch St,253-001-2395,TailsSmith@email.com
cust0780,Takayuki Yagami,3074 W. Hickory Way,509-001-3287,TakayukiYagami@email.com
cust0781,Terra  Smith,3078 N. Spruce Blvd,206-001-7981,TerraSmith@email.com
cust0782,Terry Bogard,3082 S. Spruce Way,425-001-7114,TerryBogard@email.com
cust0783,Thane Krios,3085 E. Ash Ave,206-001-1906,ThaneKrios@email.com
cust0784,Guybrush Threepwood,3089 W. Elm Way,206-001-2695,GuybrushThreepwood@email.com
cust0785,Tidus Smith,3093 N. Aspen Ave,253-001-2144,TidusSmith@email.com
cust0786,Tingle  Smith,3097 S. Ash Rd,425-001-2821,TingleSmith@email.com
cust0787,Toad  Smith,3101 E. Fir Way,509-001-3160,ToadSmith@email.com
cust0788,Toro Inoue,3105 W. Spruce Way,425-001-3547,ToroInoue@email.com
cust0789,Travis Touchdown,3109 N. Aspen Rd,425-001-2383,TravisTouchdown@email.com
cust0790,Zidane Tribal,3113 S. Maple Blvd,206-001-2341,ZidaneTribal@email.com
cust0791,Shang Tsung,3117 E. Spruce Way,206-001-6009,ShangTsung@email.com
cust0792,Johnny Turbo,3121 W. Hickory Rd,206-001-3665,JohnnyTurbo@email.com
cust0793,Urdnot Wrex,3125 N. Fir Rd,425-001-1721,UrdnotWrex@email.com
cust0794,Vaan Smith,3129 S. Fir Ave,509-001-2617,VaanSmith@email.com
cust0795,Varric Tethras,3133 E. Hickory Ave,509-001-5772,VarricTethras@email.com
cust0796,Vega  Smith,3137 W. Spruce Way,206-001-4471,VegaSmith@email.com
cust0797,Venom Snake,3141 N. Ash Rd,360-001-1153,VenomSnake@email.com
cust0798,Ventus  Smith,3145 S. Douglas Way,360-001-1184,VentusSmith@email.com
cust0799,Tommy Vercetti,3149 E. Hickory Way,360-001-3500,TommyVercetti@email.com
cust0800,Vergil  Smith,3153 W. Pine Ave,425-001-2214,VergilSmith@email.com
cust0801,Viewtiful Joe ,3157 N. Spruce Blvd,253-001-2517,ViewtifulJoe@email.com
cust0802,Vincent Valentine,3160 S. Douglas Ave,360-001-3251,VincentValentine@email.com
cust0803,Vito Scaletta,3164 E. Mahogany Blvd,253-001-1224,VitoScaletta@email.com
cust0804,Vivi Ornitier,3168 W. Douglas St,509-001-2901,ViviOrnitier@email.com
cust0805,Voldo Smith,3172 N. Maple St,360-001-3819,VoldoSmith@email.com
cust0806,Waluigi Smith,3176 S. Douglas St,206-001-3133,WaluigiSmith@email.com
cust0807,Wario Smith,3180 E. Aspen Way,509-001-2790,WarioSmith@email.com
cust0808,Albert Wesker,3184 W. Douglas Rd,360-001-3535,AlbertWesker@email.com
cust0809,Frank West ,3188 N. Aspen Way,360-001-9244,FrankWest@email.com
cust0810,Wheatley  Smith,3192 S. Spruce Ave,425-001-2628,WheatleySmith@email.com
cust0811,Wii Fit Trainer,3196 E. Pine Blvd,425-001-7666,WiiFitTrainer@email.com
cust0812,Winston  Smith,3200 W. Aspen Blvd,206-001-2462,WinstonSmith@email.com
cust0813,Wolf O'Donnell,3204 N. Spruce Way,360-001-3184,WolfO'Donnell@email.com
cust0814,Wrecking Ball ,3208 S. Oak St,509-001-1452,WreckingBall@email.com
cust0815,Phoenix Wright,3212 E. Spruce Way,509-001-3709,PhoenixWright@email.com
cust0816,Yoshimitsu Smith,3216 W. Cedar Rd,509-001-2955,YoshimitsuSmith@email.com
cust0817,Yu Narukami,3220 N. Oak Ave,206-001-3527,YuNarukami@email.com
cust0818,Yun and Yang,3224 S. Birch St,206-001-1563,YunandYang@email.com
cust0819,Yuri  Smith,3228 E. Spruce Way,509-001-3594,YuriSmith@email.com
cust0820,Zack Fair,3231 W. Mahogany Way,509-001-1760,ZackFair@email.com
cust0821,Zangief Smith,3235 N. Douglas Blvd,360-001-3919,ZangiefSmith@email.com
cust0822,Zero  Smith,3239 S. Pine St,206-001-4076,ZeroSmith@email.com
cust0823,Aerith Gainsborough,3243 E. Elm Way,509-001-1271,AerithGainsborough@email.com
cust0824,Ayano Aishi,3247 W. Oak Blvd,253-001-1670,AyanoAishi@email.com
cust0825,Alisa Bosconovitch,3251 N. Mahogany Rd,425-001-3685,AlisaBosconovitch@email.com
cust0826,Alma Wade,3255 S. Ash Way,360-001-1567,AlmaWade@email.com
cust0827,Aloy Smith,3259 E. Aspen Ave,360-001-3571,AloySmith@email.com
cust0828,Alyx Vance,3263 W. Cedar Blvd,206-001-5062,AlyxVance@email.com
cust0829,Amaterasu  Smith,3267 N. Maple Way,206-001-2324,AmaterasuSmith@email.com
cust0830,Anna Williams ,3271 S. Hickory St,206-001-1434,AnnaWilliams@email.com
cust0831,Annah-of-the-Shadows Smith,3275 E. Hickory Way,425-001-2013,AnnahoftheShadowsSmith@email.com
cust0832,April Ryan ,3279 W. Fir Blvd,206-001-3934,AprilRyan@email.com
cust0833,Aqua  Smith,3283 N. Elm Way,425-001-3350,AquaSmith@email.com
cust0834,Tina Armstrong,3287 S. Mahogany St,509-001-1216,TinaArmstrong@email.com
cust0835,Athena Asamiya,3291 E. Mahogany St,509-001-2320,AthenaAsamiya@email.com
cust0836,Alexia Ashford,3295 W. Aspen Rd,425-001-3330,AlexiaAshford@email.com
cust0837,Lucca Ashtear,3299 N. Hickory St,206-001-7035,LuccaAshtear@email.com
cust0838,Asuka Kazama,3302 S. Maple Blvd,253-001-9678,AsukaKazama@email.com
cust0839,Atoli Smith,3306 E. Maple St,425-001-9283,AtoliSmith@email.com
cust0840,Aveline de Grandpré,3310 W. Birch Ave,509-001-3890,AvelinedeGrandpré@email.com
cust0841,Ayame  Smith,3314 N. Douglas Way,253-001-1232,AyameSmith@email.com
cust0842,Ayane  Smith,3318 S. Spruce Rd,509-001-3523,AyaneSmith@email.com
cust0843,Ayla  Smith,3322 E. Ash Rd,509-001-1468,AylaSmith@email.com
cust0844,Ayu Tsukimiya,3326 W. Elm Way,509-001-5812,AyuTsukimiya@email.com
cust0845,Baby Bonnie Hood,3330 N. Ash Way,253-001-1228,BabyBonnieHood@email.com
cust0846,Bayonetta  Smith,3334 S. Elm Way,253-001-3922,BayonettaSmith@email.com
cust0847,Beatrix  Smith,3338 E. Spruce St,360-001-3275,BeatrixSmith@email.com
cust0848,Birdo Smith,3342 W. Elm Rd,425-001-3255,BirdoSmith@email.com
cust0849,Black Orchid ,3346 N. Oak Blvd,425-001-2312,BlackOrchid@email.com
cust0850,Sonya Blade,3350 S. Fir St,253-001-2904,SonyaBlade@email.com
cust0851,Blaze Fielding,3354 E. Birch St,509-001-3318,BlazeFielding@email.com
cust0852,Blue Mary,3358 W. Douglas Way,425-001-3413,BlueMary@email.com
cust0853,The Boss ,3362 N. Aspen Way,206-001-3169,TheBoss@email.com
cust0854,Brigitte  Smith,3366 S. Mahogany Way,206-001-1204,BrigitteSmith@email.com
cust0855,Cassie Cage,3370 E. Fir Way,206-001-3448,CassieCage@email.com
cust0856,Cammy Smith,3373 W. Maple Blvd,206-001-3445,CammySmith@email.com
cust0857,Cassandra Alexandra,3377 N. Birch Way,360-001-1918,CassandraAlexandra@email.com
cust0858,Cassandra Pentaghast,3381 S. Ash Ave,253-001-2249,CassandraPentaghast@email.com
cust0859,Cate Archer,3385 E. Mahogany Ave,206-001-2174,CateArcher@email.com
cust0860,Caveira  Smith,3389 W. Mahogany Way,206-001-1070,CaveiraSmith@email.com
cust0861,Celes Chere,3393 N. Fir Ave,425-001-1531,CelesChere@email.com
cust0862,Chai Xianghua,3397 S. Maple Ave,253-001-1362,ChaiXianghua@email.com
cust0863,Chell  Smith,3401 E. Ash Rd,206-001-2399,ChellSmith@email.com
cust0864,Chie Satonaka,3405 W. Cedar Way,509-001-1918,ChieSatonaka@email.com
cust0865,Chloe Frazer,3409 N. Birch Ave,253-001-3630,ChloeFrazer@email.com
cust0866,Christie  Smith,3413 S. Ash Way,509-001-1433,ChristieSmith@email.com
cust0867,Christie Monteiro,3417 E. Hickory St,509-001-2028,ChristieMonteiro@email.com
cust0868,Chun-Li Smith,3421 W. Elm Rd,509-001-2695,ChunLiSmith@email.com
cust0869,Cindy Aurum,3425 N. Douglas Ave,206-001-3350,CindyAurum@email.com
cust0870,Claire Redfield,3429 S. Oak Way,360-001-6601,ClaireRedfield@email.com
cust0871,Clementine  Smith,3433 E. Fir Ave,509-001-2604,ClementineSmith@email.com
cust0872,Cortana  Smith,3437 W. Mahogany Ave,206-001-1756,CortanaSmith@email.com
cust0873,Cream the Rabbit,3441 N. Ash Rd,253-001-2454,CreamtheRabbit@email.com
cust0874,Crimson Viper,3444 S. Aspen Way,360-001-3488,CrimsonViper@email.com
cust0875,Lara Croft,3448 E. Cedar Rd,360-001-2017,LaraCroft@email.com
cust0876,D.Va Smith,3452 W. Spruce Rd,360-001-1886,DVaSmith@email.com
cust0877,Princess Daisy,3456 N. Fir St,206-001-3318,PrincessDaisy@email.com
cust0878,Princess Daphne ,3460 S. Mahogany St,509-001-1789,PrincessDaphne@email.com
cust0879,Decapre Smith,3464 E. Birch Way,509-001-2738,DecapreSmith@email.com
cust0880,Edea Kramer,3468 W. Spruce Rd,425-001-2825,EdeaKramer@email.com
cust0881,Elaine Marley,3472 N. Hickory Way,253-001-1713,ElaineMarley@email.com
cust0882,Elena  Smith,3476 S. Fir St,206-001-9204,ElenaSmith@email.com
cust0883,Elena Fisher,3480 E. Maple St,425-001-3125,ElenaFisher@email.com
cust0884,Elexis Sinclaire,3484 W. Douglas Ave,253-001-3018,ElexisSinclaire@email.com
cust0885,Elizabeth  Smith,3488 N. Mahogany Way,509-001-3287,ElizabethSmith@email.com
cust0886,Ellie  Smith,3492 S. Maple Blvd,509-001-3919,EllieSmith@email.com
cust0887,Emily Kaldwin,3496 E. Mahogany Rd,253-001-3299,EmilyKaldwin@email.com
cust0888,Epona  Smith,3500 W. Ash Way,253-001-1669,EponaSmith@email.com
cust0889,Erica Anderson,3504 N. Cedar Blvd,425-001-8652,EricaAnderson@email.com
cust0890,Etna  Smith,3508 S. Aspen St,425-001-1429,EtnaSmith@email.com
cust0891,Eva  Smith,3512 E. Douglas Way,253-001-2746,EvaSmith@email.com
cust0892,Faith Connors,3515 W. Fir Ave,206-001-1918,FaithConnors@email.com
cust0893,Faris Scherwiz,3519 N. Hickory Blvd,509-001-6482,FarisScherwiz@email.com
cust0894,Felicia  Smith,3523 S. Ash Way,360-001-1871,FeliciaSmith@email.com
cust0895,Fi  Smith,3527 E. Ash St,253-001-2312,FiSmith@email.com
cust0896,Fran  Smith,3531 W. Maple St,509-001-2111,FranSmith@email.com
cust0897,Franziska von Karma,3535 N. Cedar Rd,253-001-3665,FranziskavonKarma@email.com
cust0898,Freya Crescent,3539 S. Pine Blvd,509-001-2853,FreyaCrescent@email.com
cust0899,Garnet Til Alexandros XVII,3543 E. Fir Blvd,253-001-1409,GarnetTilAlexandrosXVII@email.com
cust0900,GLaDOS Smith,3547 W. Birch Way,509-001-1555,GLaDOSSmith@email.com
cust0901,Lisa Hamilton ,3551 N. Fir St,253-001-3492,LisaHamilton@email.com
cust0902,Hana Tsu-Vachel,3555 S. Cedar Rd,206-001-1740,HanaTsuVachel@email.com
cust0903,Rinoa Heartilly,3559 E. Aspen St,509-001-1772,RinoaHeartilly@email.com
cust0904,Heather Mason,3563 W. Maple Way,509-001-5851,HeatherMason@email.com
cust0905,Helena Douglas,3567 N. Ash St,253-001-1689,HelenaDouglas@email.com
cust0906,Hibana  Smith,3571 S. Fir Ave,425-001-6364,HibanaSmith@email.com
cust0907,Hildegard von Krone,3575 E. Ash Ave,360-001-1409,HildegardvonKrone@email.com
cust0908,Hitomi  Smith,3579 W. Birch Blvd,509-001-2947,HitomiSmith@email.com
cust0909,Hsien-Ko Smith,3583 N. Cedar Rd,509-001-7035,HsienKoSmith@email.com
cust0910,I-No Smith,3586 S. Maple Way,509-001-8415,INoSmith@email.com
cust0911,Ibuki  Smith,3590 E. Spruce Ave,206-001-2013,IbukiSmith@email.com
cust0912,Isabelle  Smith,3594 W. Maple St,509-001-2632,IsabelleSmith@email.com
cust0913,Ivy Valentine,3598 N. Hickory St,360-001-2656,IvyValentine@email.com
cust0914,Jade  Smith,3602 S. Douglas St,206-001-2368,JadeSmith@email.com
cust0915,Jaina Proudmoore,3606 E. Douglas Way,360-001-2293,JainaProudmoore@email.com
cust0916,Jill Valentine,3610 W. Pine Rd,206-001-2403,JillValentine@email.com
cust0917,Joanna Dark,3614 N. Spruce St,509-001-2478,JoannaDark@email.com
cust0918,Julia Chang,3618 S. Douglas Way,425-001-4668,JuliaChang@email.com
cust0919,Jun Kazama,3622 E. Elm Way,425-001-3085,JunKazama@email.com
cust0920,Juri  Smith,3626 W. Fir St,425-001-1579,JuriSmith@email.com
cust0921,Jynx Smith,3630 N. Maple St,360-001-2174,JynxSmith@email.com
cust0922,Kasumi  Smith,3634 S. Spruce Rd,509-001-1149,KasumiSmith@email.com
cust0923,Kat  Smith,3638 E. Pine Blvd,425-001-3958,KatSmith@email.com
cust0924,Sarah Kerrigan,3642 W. Aspen Blvd,253-001-2048,SarahKerrigan@email.com
cust0925,Kitana Smith,3646 N. Oak Ave,425-001-3682,KitanaSmith@email.com
cust0926,KOS-MOS Smith,3650 S. Birch Blvd,425-001-1804,KOSMOSSmith@email.com
cust0927,Kreia Smith,3654 E. Spruce Rd,253-001-3295,KreiaSmith@email.com
cust0928,Krystal  Smith,3657 W. Maple Way,206-001-2230,KrystalSmith@email.com
cust0929,Kula Diamond,3661 N. Aspen Way,425-001-3026,KulaDiamond@email.com
cust0930,Lady  Smith,3665 S. Cedar Rd,509-001-1551,LadySmith@email.com
cust0931,Leifang Smith,3669 E. Birch Rd,253-001-1425,LeifangSmith@email.com
cust0932,Leona Heidern,3673 W. Fir Way,509-001-7903,LeonaHeidern@email.com
cust0933,Lightning  Smith,3677 N. Douglas Ave,253-001-2892,LightningSmith@email.com
cust0934,Lili  Smith,3681 S. Maple Ave,509-001-1003,LiliSmith@email.com
cust0935,Lillie  Smith,3685 E. Cedar St,253-001-1733,LillieSmith@email.com
cust0936,Lin Lee,3689 W. Spruce St,509-001-3709,LinLee@email.com
cust0937,Ling Xiaoyu,3693 N. Ash Way,206-001-3752,LingXiaoyu@email.com
cust0938,Linkle Smith,3697 S. Fir Ave,206-001-1275,LinkleSmith@email.com
cust0939,Lucia  Smith,3701 E. Mahogany St,206-001-1192,LuciaSmith@email.com
cust0940,Lucina  Smith,3705 W. Hickory Rd,360-001-2273,LucinaSmith@email.com
cust0941,Lucky Chloe,3709 N. Aspen Way,253-001-5299,LuckyChloe@email.com
cust0942,Madeline  Smith,3713 S. Aspen St,206-001-3018,MadelineSmith@email.com
cust0943,Madison Paige,3717 E. Hickory Way,206-001-2498,MadisonPaige@email.com
cust0944,Mai Shiranui,3721 W. Mahogany Rd,425-001-2194,MaiShiranui@email.com
cust0945,Maki Genryusai,3725 N. Hickory Blvd,253-001-2301,MakiGenryusai@email.com
cust0946,Makoto  Smith,3728 S. Spruce Rd,253-001-9638,MakotoSmith@email.com
cust0947,Makoto Niijima,3732 E. Mahogany Blvd,360-001-2111,MakotoNiijima@email.com
cust0948,Maria Renard,3736 W. Douglas Way,425-001-2462,MariaRenard@email.com
cust0949,Sakura Matou,3740 N. Ash Rd,206-001-1118,SakuraMatou@email.com
cust0950,Maya Fey,3744 S. Ash Rd,206-001-3654,MayaFey@email.com
cust0951,Megurine Luka,3748 E. Maple Ave,509-001-8770,MegurineLuka@email.com
cust0952,Mei  Smith,3752 W. Aspen Way,253-001-1658,MeiSmith@email.com
cust0953,Mercy  Smith,3756 N. Hickory St,206-001-1184,MercySmith@email.com
cust0954,Michelle Chang ,3760 S. Pine Rd,206-001-1338,MichelleChang@email.com
cust0955,Midna Smith,3764 E. Hickory Way,206-001-4905,MidnaSmith@email.com
cust0956,Mileena Smith,3768 W. Spruce St,253-001-4234,MileenaSmith@email.com
cust0957,Millia Rage,3772 N. Hickory St,253-001-2699,MilliaRage@email.com
cust0958,Miranda Lawson,3776 S. Aspen Way,360-001-3295,MirandaLawson@email.com
cust0959,Misty  Smith,3780 E. Birch Ave,253-001-3819,MistySmith@email.com
cust0960,Mitsuru Kirijo,3784 W. Spruce St,509-001-2814,MitsuruKirijo@email.com
cust0961,Moira  Smith,3788 N. Cedar Rd,509-001-3275,MoiraSmith@email.com
cust0962,Momiji  Smith,3792 S. Pine Way,360-001-3922,MomijiSmith@email.com
cust0963,Mona Sax,3796 E. Birch Way,206-001-2020,MonaSax@email.com
cust0964,Monika  Smith,3799 W. Aspen Blvd,253-001-1942,MonikaSmith@email.com
cust0965,Morrigan  Smith,3803 N. Maple St,425-001-9717,MorriganSmith@email.com
cust0966,Morrigan Aensland,3807 S. Fir Blvd,253-001-1078,MorriganAensland@email.com
cust0967,Mother Brain,3811 E. Elm St,509-001-6640,MotherBrain@email.com
cust0968,Multi  Smith,3815 W. Hickory Rd,509-001-2506,MultiSmith@email.com
cust0969,Nakoruru Smith,3819 N. Aspen Blvd,253-001-2431,NakoruruSmith@email.com
cust0970,Nanako Dojima,3823 S. Elm Blvd,509-001-3740,NanakoDojima@email.com
cust0971,Naoto Shirogane,3827 E. Cedar Ave,425-001-2387,NaotoShirogane@email.com
cust0972,Navi  Smith,3831 W. Maple St,360-001-1445,NaviSmith@email.com
cust0973,Nilin  Smith,3835 N. Cedar Ave,253-001-2510,NilinSmith@email.com
cust0974,Nina Williams,3839 S. Fir St,509-001-4905,NinaWilliams@email.com
cust0975,Oerba Dia Vanille,3843 E. Ash Blvd,253-001-1484,OerbaDiaVanille@email.com
cust0976,Oerba Yun Fang,3847 W. Elm Rd,425-001-4510,OerbaYunFang@email.com
cust0977,Parvati Holcomb,3851 N. Maple Way,360-001-5733,ParvatiHolcomb@email.com
cust0978,Princess Peach,3855 S. Cedar Blvd,360-001-1733,PrincessPeach@email.com
cust0979,Pearl and Marina,3859 E. Ash Rd,509-001-1776,PearlandMarina@email.com
cust0980,Poison  Smith,3863 W. Maple Ave,360-001-3803,PoisonSmith@email.com
cust0981,Chloe Price,3867 N. Maple Rd,360-001-1334,ChloePrice@email.com
cust0982,Primrose Azelhart,3870 S. Cedar Blvd,360-001-5062,PrimroseAzelhart@email.com
cust0983,Quiet  Smith,3874 E. Ash St,425-001-1685,QuietSmith@email.com
cust0984,R. Mika,3878 W. Hickory Way,425-001-3930,RMika@email.com
cust0985,Rabbid Peach,3882 N. Cedar St,425-001-3445,RabbidPeach@email.com
cust0986,Rachel  Smith,3886 S. Birch St,253-001-3760,RachelSmith@email.com
cust0987,Rayne  Smith,3890 E. Maple Ave,206-001-3886,RayneSmith@email.com
cust0988,Rebecca Chambers ,3894 W. Spruce St,360-001-1631,RebeccaChambers@email.com
cust0989,Regina  Smith,3898 N. Aspen Rd,360-001-1054,ReginaSmith@email.com
cust0990,Reiko Nagase,3902 S. Pine Way,360-001-2032,ReikoNagase@email.com
cust0991,Rikku Smith,3906 E. Elm Rd,509-001-1717,RikkuSmith@email.com
cust0992,Amanda Ripley ,3910 W. Birch St,253-001-1677,AmandaRipley@email.com
cust0993,Rosalina  Smith,3914 N. Aspen Blvd,360-001-2525,RosalinaSmith@email.com
cust0994,Rose  Smith,3918 S. Pine Way,253-001-2687,RoseSmith@email.com
cust0995,Rouge the Bat,3922 E. Aspen Ave,206-001-1977,RougetheBat@email.com
cust0996,Rydia Smith,3926 W. Mahogany Ave,253-001-1886,RydiaSmith@email.com
cust0997,Rynn Smith,3930 N. Ash St,360-001-2222,RynnSmith@email.com
cust0998,Saber  Smith,3934 S. Oak Rd,253-001-2900,SaberSmith@email.com
cust0999,Sakura Kasugano,3938 E. Mahogany Rd,253-001-2214,SakuraKasugano@email.com
cust1000,Samus Aran,3941 W. Maple Rd,206-001-3054,SamusAran@email.com
